Charakter;Player;Begleiter;Rasse:;Herkunft:;Antike Magie;Titel:;Klasse;Name;;;;Gold;Poké;;Charakter;Fell;Schuppen;Haut;Haare;Federn;;;;;;;;;;;;;;;;;;;;;;;;;;;;;;;;;;;;;;;;;;;;;;;;;;;;;;;;;;;;;;;;;
-;-;-;-;-;-;-;-;-;;;gzp;1;1;;1;-;-;normal;schwarz;rot-orange;;;Heldenbogen Database;;;;;;;;;;;;;;;;;;;;;;;;;;;;;;;;;;;;;;;;;;;;;;;;;;;;;;;;;;;;;;
1;Böhm;;Kurutai;Shiganshina;;;Waldläufer;Arthania;;;pzg;1;1;;2;-;-;fahlblau;weiß;-;;;1;Arthania;;;;;;;;;;;;;;;;;;;;;;;;;;;;;;;;;;;;;;;;;;;;;;;;;;;;;;;;;;;;;
2;Aaron;;Zonai;Ohara;;;Augmentor;Sedna;;;;;;;3;-;-;normal;blond;-;;;2;Sedna;;;;;;;;;;;;;;;;;;;;;;;;;;;;;;;;;;;;;;;;;;;;;;;;;;;;;;;;;;;;;
3;Würger;;Mensch;Shiganshina;;-;Beschwörer;Gilgamesh;;;;;;;4;-;schwarz;normal;blond;-;;;3;Gilgamesh;;;;;;;;;;;;;;;;;;;;;;;;;;;;;;;;;;;;;;;;;;;;;;;;;;;;;;;;;;;;;
4;Paz;;Etherdrache;Dracheninseln (Aberrus);;-;Runenritter;Ryu;;;;;;;5;-;-;-;-;-;;;4;Ryu;;;;;;;;;;;;;;;;;;;;;;;;;;;;;;;;;;;;;;;;;;;;;;;;;;;;;;;;;;;;;
5;;;;;;-;;0;;;;;;;6;-;-;-;-;-;;;5;;;;;;;;;;;;;;;;;;;;;;;;;;;;;;;;;;;;;;;;;;;;;;;;;;;;;;;;;;;;;;
6;;;;;;-;;0;;;;;;;7;;;;;;;;6;;;;;;;;;;;;;;;;;;;;;;;;;;;;;;;;;;;;;;;;;;;;;;;;;;;;;;;;;;;;;;
7;;;;;;-;;0;;;;;;;NO USE;;;;;;;;7;;;;;;;;;;;;;;;;;;;;;;;;;;;;;;;;;;;;;;;;;;;;;;;;;;;;;;;;;;;;;;
NO USE;NO USE;NO USE;NO USE;NO USE;NO USE;NO USE;NO USE;;;;;13;;;;;;;;;;;;;;;;;;;;;;;;;;;;;;;;;;;;;;;;;;;;;;;;;;;;;;;;;;;;;;;;;;;;;;;;;
;;;;;;;;;;;;;;;;;;;;;;;;;;;;;;;;;;;;;;;;;;;;;;;;;;;;;;;;;;;;;;;;;;;;;;;;;;;;;;;;;;;;;
;;;;;;;;;;;akt;1500;21;1500;;;;;;;;;;;;;;;;;;;;;;;;;;;;;;;;;;;;;;;;;;;;;;;;;;;;;;;;;;;;;;;;;;;;;;;
;;;;;;;;;;;;;;;;;;;;;;;;;;;;;;;;;;;;;;;;;;;;;;;;;;;;;;;;;;;;;;;;;;;;;;;;;;;;;;;;;;;;;
1;2;3;4;5;6;7;8;9;10;11;12;13;14;15;16;17;18;19;20;;;;;;;;;;;;;;;;;;;;;;;;;;;;;;;;;;;;;;;;;;;;;;;;;;;;;;;;;;;;;;;;;;
Steckbrief;;;;;;;;;;;;;;;;;;;;;;;;;;;;;;;;;;;;;;;;;;;;;;;;;;;;;;;;;;;;;;;;;;;;;;;;;;;;;;;;;;;;;
Name:;Geschlecht;Gewicht;Größe;Augenfarbe;Fell:;Schuppen:;Haut:;Haare:;Federn;Tag der Geburt;Monat der Geburt;Jahr der Geburt;Wesenzüge;Fraktion;Gesinnung u. Besonderheiten;Titel;Hintergrund;Kopfgeld;Marinetitel;-;;;;;;;;;;;;;;;;;;;;;;;;;;;;;;;;;;;;;;;;;;;;;;;;;;;;;;;;;;;;;;;;;
1;weiblich;60kg;175cm;blau;-;-;normal;schwarz;rot-orange;21;8;1479;tierfreundlich, ruhig, überlegt, pflichtbewusst;-;Chaotisch Gut;0;;40.000;Phönix;;;;;;;;;;;;;;;;;;;;;;;;;;;;;;;;;;;;;;;;;;;;;;;;;;;;;;;;;;;;;;;;;;
2;weiblich;58kg;168cm;eisblau;-;-;fahlblau;weiß;-;14;2;1482;ruhig, diplomatisch, kühl(fremde), gelassen, wachsam;-;True Neutral (Leaning good);0;;-;Unbekannt für die Marine;;;;;;;;;;;;;;;;;;;;;;;;;;;;;;;;;;;;;;;;;;;;;;;;;;;;;;;;;;;;;;;;;;
3;männlich;68kg;182cm;rot;-;-;normal;blond;-;30;6;1480;selbstverliebt, egozentrisch, pflichtbewusst, motiviert, protektiv, ehrenhaft;-;;-;;35.000;Goldhaar;;;;;;;;;;;;;;;;;;;;;;;;;;;;;;;;;;;;;;;;;;;;;;;;;;;;;;;;;;;;;;;;;;
4;männlich;110kg;230cm;rot;-;schwarz;normal;blond;-;11;11;1440;zielbewusst, belastbar, leichtsinnig, chaotisch;-;;-;;125.000;Schwarzschuppe;;;;;;;;;;;;;;;;;;;;;;;;;;;;;;;;;;;;;;;;;;;;;;;;;;;;;;;;;;;;;;;;;;
5;;;;;-;-;-;-;-;;;;;-;;-;;0;;;;;;;;;;;;;;;;;;;;;;;;;;;;;;;;;;;;;;;;;;;;;;;;;;;;;;;;;;;;;;;;;;;
6;;;;;-;-;-;-;-;;;;;-;;-;;0;;;;;;;;;;;;;;;;;;;;;;;;;;;;;;;;;;;;;;;;;;;;;;;;;;;;;;;;;;;;;;;;;;;
7;;;;;;;;;;;;;;-;;-;;0;;NO USE;;;;;;;;;;;;;;;;;;;;;;;;;;;;;;;;;;;;;;;;;;;;;;;;;;;;;;;;;;;;;;;;;
;;;;;;;;;;;;;;-;;-;-;;;;;;;;;;;;;;;;;;;;;;;;;;;;;;;;;;;;;;;;;;;;;;;;;;;;;;;;;;;;;;;;;;;;
;;;;;;;;;;;;;;-;;-;-;;;;;;;;;;;;;;;;;;;;;;;;;;;;;;;;;;;;;;;;;;;;;;;;;;;;;;;;;;;;;;;;;;;;
;;;;;;;;;;;;;;;;;;;;;;;;;;;;;;;;;;;;;;;;;;;;;;;;;;;;;;;;;;;;;;;;;;;;;;;;;;;;;;;;;;;;;
;;;;;;;;;;;;;;;;;;;;;;;;;;;;;;;;;;;;;;;;;;;;;;;;;;;;;;;;;;;;;;;;;;;;;;;;;;;;;;;;;;;;;
;;;Güte;;;;;;;;;;;;;;;;;;;;;;;;;;;;;;;;;;;;;;;;;;;;;;;;;;;;;;;;;;;;;;;;;;;;;;;;;;;;;;;;;;
;;;0;-;;;;;;;;;;;;;;;;;;;;;;;;;;;;;;;;;;;;;;;;;;;;;;;;;;;;;;;;;;;;;;;;;;;;;;;;;;;;;;;;;
;;;1;Gewöhnlich;;;;;;;;;;;;;;;;;;;;;;;;;;;;;;;;;;;;;;;;;;;;;;;;;;;;;;;;;;;;;;;;;;;;;;;;;;;;;;;;;
;;;2;Selten;;;;;;;;;;;;;;;;;;;;;;;;;;;;;;;;;;;;;;;;;;;;;;;;;;;;;;;;;;;;;;;;;;;;;;;;;;;;;;;;;
;;;3;Rar;;;;;;;;;;;;;;;;;;;;;;;;;;;;;;;;;;;;;;;;;;;;;;;;;;;;;;;;;;;;;;;;;;;;;;;;;;;;;;;;;
;;;4;Episch;;;;;;;;;;;;;;;;;;;;;;;;;;;;;;;;;;;;;;;;;;;;;;;;;;;;;;;;;;;;;;;;;;;;;;;;;;;;;;;;;
;;;5;Legendär;;;;;;;;;;;;;;;;;;;;;;;;;;;;;;;;;;;;;;;;;;;;;;;;;;;;;;;;;;;;;;;;;;;;;;;;;;;;;;;;;
;;;;;;;;;;;;;;;;;;;;;;;;;;;;;;;;;;;;;;;;;;;;;;;;;;;;;;;;;;;;;;;;;;;;;;;;;;;;;;;;;;;;;
;;;;;;;;;;;;;;;;;;;;;;;;;;;;;;;;;;;;;;;;;;;;;;;;;;;;;;;;;;;;;;;;;;;;;;;;;;;;;;;;;;;;;
;;;;;;;;;;;;;;;;;;;;;;;;;;;;;;;;;;;;;;;;;;;;;;;;;;;;;;;;;;;;;;;;;;;;;;;;;;;;;;;;;;;;;
;;;;;;;;;;;;;;;;;;;;;;;;;;;;;;;;;;;;;;;;;;;;;;;;;;;;;;;;;;;;;;;;;;;;;;;;;;;;;;;;;;;;;
;;;;;;;;;;;;;;;;;;;;;;;;;;;;;;;;;;;;;;;;;;;;;;;;;;;;;;;;;;;;;;;;;;;;;;;;;;;;;;;;;;;;;
;;;;;;;;;;;;;;;;;;;;;;;;;;;;;;;;;;;;;;;;;;;;;;;;;;;;;;;;;;;;;;;;;;;;;;;;;;;;;;;;;;;;;
;;;;;;;;;;;;;;;;;;;;;;;;;;;;;;;;;;;;;;;;;;;;;;;;;;;;;;;;;;;;;;;;;;;;;;;;;;;;;;;;;;;;;
;;;;;;;;;;;;;;;;;;;;;;;;;;;;;;;;;;;;;;;;;;;;;;;;;;;;;;;;;;;;;;;;;;;;;;;;;;;;;;;;;;;;;
;;;;;;;;;;;;;;;;;;;;;;;;;;;;;;;;;;;;;;;;;;;;;;;;;;;;;;;;;;;;;;;;;;;;;;;;;;;;;;;;;;;;;
;;;;;;;;;;;;;;;;;;;;;;;;;;;;;;;;;;;;;;;;;;;;;;;;;;;;;;;;;;;;;;;;;;;;;;;;;;;;;;;;;;;;;
;;;;Begleiter;;;;;;;;;;;;;;;;;;;;;;;;;;;;;;;;;;;;;;;;;;;;;;;;;;;;;;;;;;;;;;;;;;;;;;;;;;;;;;;;;
;;;;Name;Begleiter;Art;Besonderheiten;;;;;;;;;;;;;;;;;;;;;;;;;;;;;;;;;;;;;;;;;;;;;;;;;;;;;;;;;;;;;;;;;;;;;;;;;;;;;;
;;;;1;;;;;;;;;;;;;;;;;;;;;;;;;;;;;;;;;;;;;;;;;;;;;;;;;;;;;;;;;;;;;;;;;;;;;;;;;;;;;;;;;
;;;;2;;;;;;;;;;;;;;;;;;;;;;;;;;;;;;;;;;;;;;;;;;;;;;;;;;;;;;;;;;;;;;;;;;;;;;;;;;;;;;;;;
;;;;3;;;;;;;;;;;;;;;;;;;;;;;;;;;;;;;;;;;;;;;;;;;;;;;;;;;;;;;;;;;;;;;;;;;;;;;;;;;;;;;;;
;;;?????????????????????????????????????????????????????????????????????????????????????????????????????????????????????????????????????????????????????????????????????;4;;;;;;;;;;;;;;;;;;;;;;;;;;;;;;;;;;;;;;;;;;;;;;;;;;;;;;;;;;;;;;;;;;;;;;;;;;;;;;;;;
;;;;5;;;;;;;;;;;;;;;;;;;;;;;;;;;;;;;;;;;;;;;;;;;;;;;;;;;;;;;;;;;;;;;;;;;;;;;;;;;;;;;;;
;;;;6;;;;;;;;;;;;;;;;;;;;;;;;;;;;;;;;;;;;;;;;;;;;;;;;;;;;;;;;;;;;;;;;;;;;;;;;;;;;;;;;;
;;;;;;;;;;;;;;;;;;;;;;;;;;;;;;;;;;;;;;;;;;;;;;;;;;;;;;;;;;;;;;;;;;;;;;;;;;;;;;;;;;;;;
;;;;;;;;;;;;;;;;;;;;;;;;;;;;;;;;;;;;;;;;;;;;;;;;;;;;;;;;;;;;;;;;;;;;;;;;;;;;;;;;;;;;;
;;;;;;;;;;;;;;;;;;;;;;;;;;;;;;;;;;;;;;;;;;;;;;;;;;;;;;;;;;;;;;;;;;;;;;;;;;;;;;;;;;;;;
;;;;;;;;;;;;;;;;;;;;;;;;;;;;;;;;;;;;;;;;;;;;;;;;;;;;;;;;;;;;;;;;;;;;;;;;;;;;;;;;;;;;;
;;;;;;;;;;;;;;;;;;;;;;;;;;;;;;;;;;;;;;;;;;;;;;;;;;;;;;;;;;;;;;;;;;;;;;;;;;;;;;;;;;;;;
;;;;;;;;;;;;;;;;;;;;;;;;;;;;;;;;;;;;;;;;;;;;;;;;;;;;;;;;;;;;;;;;;;;;;;;;;;;;;;;;;;;;;
;;;;;;;;;;;;;;;;;;;;;;;;;;;;;;;;;;;;;;;;;;;;;;;;;;;;;;;;;;;;;;;;;;;;;;;;;;;;;;;;;;;;;
;;;;;;;;;;;;;;;;;;;;;;;;;;;;;;;;;;;;;;;;;;;;;;;;;;;;;;;;;;;;;;;;;;;;;;;;;;;;;;;;;;;;;
;;;;;;;;;;;;;;;;;;;;;;;;;;;;;;;;;;;;;;;;;;;;;;;;;;;;;Gerald;;;;;;;;;;;;;;;;;;;;;;;;;;;;;;;;
Itemliste;;;;;Arthania;;;;Arthania;;;;-;;;;-;;;;Dracuss;;;;Dracuss;;;;Gallum;;;;Gallum;;;;Gilgamesh;;;;Gilgamesh;;;;Lelian;;;;Lelian;;;;;;;;;;;;;;;;;;;;;;;;;;;;;;;;;;;;
Name:;Menge;Güte;;;Name:;Menge;Güte;;Name:;Menge;Güte;;Name:;Menge;Güte;;Name:;Menge;Güte;;Name:;Menge;Güte;;Name:;Menge;Güte;;Name:;Menge;Güte;;Name:;Menge;Güte;;Name:;Menge;Güte;;Name:;Menge;Güte;;Name:;Menge;Güte;;Name:;Menge;Güte;;Name:;Menge;Güte;;Name:;Menge;Güte;;;;;;;;;;;;;;;;;;;;;;;;;;
Enterhaken;;;;1;;;;;X;X;X;;;;;;X;X;X;;;;gewöhnlich;;X;X;X;;;;gewöhnlich;;X;;X;;;;;;;;;;;;gewöhnlich;;x;X;X;;X;;X;;X;X;X;;;;;;;;;;;;;;;;;;;;;;;;;;
Gerudische Uhr;;;;2;;;;;X;X;X;;;;;;X;X;X;;;;;;X;X;X;;;;;;X;;X;;;;;;;;;;;;#NV;;x;X;X;;X;;X;;X;X;X;;;;;;;;;;;;;;;;;;;;;;;;;;
Karte;;;;3;;;;;X;X;X;;;;;;X;X;X;;;;;;X;X;X;;;;;;X;;X;;;;;;;;;;;;#NV;;x;X;X;;X;X;X;;X;X;X;;;;;;;;;;;;;;;;;;;;;;;;;;
Kommunikationsstein;;;;4;;;;;X;X;X;;;;;;X;X;X;;;;;;X;X;X;;X;;X;;X;;X;;;;;;;;;;;;#NV;;x;X;X;;X;X;X;;X;X;X;;;;;;;;;;;;;;;;;;;;;;;;;;
Kompass;;;;5;X;X;X;;X;X;X;;X;X;X;;X;X;X;;X;X;X;;X;X;X;;X;;X;;X;;X;;;;;;;;;;;;#NV;;x;X;X;;X;X;X;;X;X;X;;;;;;;;;;;;;;;;;;;;;;;;;;
Papier;;;;6;X;X;X;;X;X;X;;X;X;X;;X;X;X;;X;X;X;;X;X;X;;X;;X;;X;;X;;;;;;;;;;X;;X;;x;X;X;;X;X;X;;X;X;X;;;;;;;;;;;;;;;;;;;;;;;;;;
Proviant;;;;7;X;X;X;;X;X;X;;X;X;X;;X;X;X;;X;X;X;;X;X;X;;X;;X;;X;;X;;;;;;;;;;X;;X;;x;X;X;;X;X;X;;X;X;X;;;;;;;;;;;;;;;;;;;;;;;;;;
Wasserschlauch;;;;8;X;X;X;;X;X;X;;X;X;X;;X;X;X;;X;X;X;;X;X;X;;X;;X;;X;;X;;;;;;;;;;X;;X;;x;X;X;;X;X;X;;X;X;X;;;;;;;;;;;;;;;;;;;;;;;;;;
;;;;9;X;X;X;;X;X;X;;X;X;X;;X;X;X;;X;X;X;;X;X;X;;X;;X;;X;;X;;;;;;;;;;X;;X;;x;X;X;;X;X;X;;X;X;X;;;;;;;;;;;;;;;;;;;;;;;;;;
;;;;10;X;X;X;;X;X;X;;X;X;X;;X;X;X;;X;X;X;;X;X;X;;X;;X;;X;;X;;;;;;;;;;X;;X;;x;X;X;;X;X;X;;X;X;X;;;;;;;;;;;;;;;;;;;;;;;;;;
;;;;11;X;X;X;;X;X;X;;X;X;X;;X;X;X;;X;X;X;;X;X;X;;X;;X;;X;;X;;;;;;;;;;X;;X;;x;X;X;;X;X;X;;X;X;X;;;;;;;;;;;;;;;;;;;;;;;;;;
;;;;12;X;X;X;;X;X;X;;X;X;X;;X;X;X;;X;X;X;;X;X;X;;X;;X;;X;;X;;;;;;;;;;X;;X;;x;X;X;;X;X;X;;X;X;X;;;;;;;;;;;;;;;;;;;;;;;;;;
;;;;13;X;X;X;;X;X;X;;X;X;X;;X;X;X;;X;X;X;;X;X;X;;X;;X;;X;;X;;;;;;;;;;X;;X;;x;X;X;;X;X;X;;X;X;X;;;;;;;;;;;;;;;;;;;;;;;;;;
;;;;14;X;X;X;;X;X;X;;X;X;X;;X;X;X;;X;X;X;;X;X;X;;X;;X;;X;;X;;;;;;;;;;X;;X;;x;X;X;;X;X;X;;X;X;X;;;;;;;;;;;;;;;;;;;;;;;;;;
;;;;15;X;X;X;;X;X;X;;X;X;X;;X;X;X;;X;X;X;;X;X;X;;X;;X;;X;;X;;;;;;;;;;X;;X;;x;X;X;;X;X;X;;X;X;X;;;;;;;;;;;;;;;;;;;;;;;;;;
;;;;16;X;X;X;;X;X;X;;X;X;X;;X;X;X;;X;X;X;;X;X;X;;X;;X;;X;;X;;;;;;;;;;X;;X;;x;X;X;;X;X;X;;X;X;X;;;;;;;;;;;;;;;;;;;;;;;;;;
;;;;17;X;X;X;;X;X;X;;X;X;X;;X;X;X;;X;X;X;;X;X;X;;X;;X;;X;;X;;;;;;;;;;X;;X;;x;X;X;;X;X;X;;X;X;X;;;;;;;;;;;;;;;;;;;;;;;;;;
;;;;18;X;X;X;;X;X;X;;X;X;X;;X;X;X;;X;X;X;;X;X;X;;X;;X;;X;;X;;;;;;;;;;X;;X;;x;X;X;;X;X;X;;X;X;X;;;;;;;;;;;;;;;;;;;;;;;;;;
;;;;19;X;X;X;;X;X;X;;X;X;X;;X;X;X;;X;X;X;;X;X;X;;X;;X;;X;;X;;;;;;;;;;X;;X;;x;X;X;;X;X;X;;X;X;X;;;;;;;;;;;;;;;;;;;;;;;;;;
;;;;20;X;X;X;;X;X;X;;X;X;X;;X;X;X;;X;X;X;;X;X;X;;X;;X;;X;;X;;;;;;;;;;X;;X;;x;X;X;;X;X;X;;X;X;X;;;;;;;;;;;;;;;;;;;;;;;;;;
;;;;21;X;X;X;;X;X;X;;X;X;X;;X;X;X;;X;X;X;;X;X;X;;X;;X;;X;;X;;;;;;;;;;X;;X;;x;X;X;;X;X;X;;X;X;X;;;;;;;;;;;;;;;;;;;;;;;;;;
;;;;22;X;X;X;;X;X;X;;X;X;X;;X;X;X;;X;X;X;;X;X;X;;X;;X;;X;;X;;;;;;;;;;X;;X;;x;X;X;;X;X;X;;X;X;X;;;;;;;;;;;;;;;;;;;;;;;;;;
;;;;23;X;X;X;;X;X;X;;X;X;X;;X;X;X;;X;X;X;;X;X;X;;X;;X;;X;;X;;;;;;;;;;X;;X;;x;X;X;;X;X;X;;X;X;X;;;;;;;;;;;;;;;;;;;;;;;;;;
;;;;24;X;X;X;;X;X;X;;X;X;X;;X;X;X;;X;X;X;;X;X;X;;X;;X;;X;;X;;;;;;;;;;X;;X;;x;X;X;;X;X;X;;X;X;X;;;;;;;;;;;;;;;;;;;;;;;;;;
;;;;25;NO BAGSPACE LEFT BITCH;;;;X;X;X;;;NO BAGSPACE LEFT BITCH;;;X;X;X;;NO BAGSPACE LEFT BITCH;;;;X;X;X;;NO BAGSPACE LEFT BITCH;;;;X;;X;;NO BAGSPACE LEFT BITCH;;;;;;;;NO BAGSPACE LEFT BITCH;;;;x;X;X;;NO BAGSPACE LEFT BITCH;;;;X;X;X;;;;;;;;;;;;;;;;;;;;;;;;;;
;;;;26;;;;;X;X;X;;;;;;X;X;X;;;;;;X;X;X;;;;;;X;;X;;;;;;;;;;;;;;x;X;X;;;;;;X;X;X;;;;;;;;;;;;;;;;;;;;;;;;;;
;;;;27;;;;;X;X;X;;;;;;X;X;X;;;;;;X;X;X;;;;;;X;;X;;;;;;;;;;;;;;x;X;X;;;;;;X;X;X;;;;;;;;;;;;;;;;;;;;;;;;;;
;;;;28;;;;;X;X;X;;;;;;X;X;X;;;;;;X;X;X;;;;;;X;;X;;;;;;;;;;;;;;x;X;X;;;;;;X;X;X;;;;;;;;;;;;;;;;;;;;;;;;;;
;;;;29;;;;;X;X;X;;;;;;X;X;X;;;;;;X;X;X;;;;;;X;;X;;;;;;;;;;;;;;x;X;X;;;;;;X;X;X;;;;;;;;;;;;;;;;;;;;;;;;;;
;;;;30;;;;;X;X;X;;;;;;X;X;X;;;;;;X;X;X;;;;;;X;;X;;;;;;;;;;;;;;x;X;X;;;;;;X;X;X;;;;;;;;;;;;;;;;;;;;;;;;;;
;;;;;;;;;X;X;X;;;;;;;;;;;;;;;;;;;;;;X;;;;;;;;;;;;;;;;x;X;X;;;;;;;;;;;;;;;;;;;;;;;;;;;;;;;;;;
;;;;31;;;;;X;X;X;;;;;;X;X;X;;;;;;X;X;X;;;;;;X;;X;;;;;;;;;;;;;;x;X;X;;;;;;X;X;X;;;;;;;;;;;;;;;;;;;;;;;;;;
;;;;32;;;;;X;X;X;;;;;;X;X;X;;;;;;X;X;X;;;;;;X;;X;;;;;;;;;;;;;;x;X;X;;;;;;X;X;X;;;;;;;;;;;;;;;;;;;;;;;;;;
X;X;X;;33;;;;;X;X;X;;;;;;X;X;X;;;;;;X;X;X;;;;;;X;;X;;;;;;;;;;;;;;x;X;X;;;;;;X;X;X;;;;;;;;;;;;;;;;;;;;;;;;;;
;;;;34;;;;;X;X;X;;;;;;X;X;X;;;;;;X;X;X;;;;;;X;;X;;;;;;;;;;;;;;x;X;X;;;;;;X;X;X;;;;;;;;;;;;;;;;;;;;;;;;;;
;;;;35;;;;;X;X;X;;;;;;X;X;X;;;;;;X;X;X;;;;;;X;;X;;;;;;;;;;;;;;x;X;X;;;;;;X;X;X;;;;;;;;;;;;;;;;;;;;;;;;;;
;;;;36;;;;;X;X;X;;;;;;X;X;X;;;;;;X;X;X;;;;;;X;;X;;;;;;;;;;;;;;x;X;X;;;;;;X;X;X;;;;;;;;;;;;;;;;;;;;;;;;;;
;;;;37;;;;;X;X;X;;;;;;X;X;X;;;;;;X;X;X;;;;;;X;;X;;;;;;;;;;;;;;x;X;X;;;;;;X;X;X;;;;;;;;;;;;;;;;;;;;;;;;;;
;;;;38;;;;;X;X;X;;;;;;X;X;X;;;;;;X;X;X;;;;;;X;;X;;;;;;;;;;;;;;x;X;X;;;;;;X;X;X;;;;;;;;;;;;;;;;;;;;;;;;;;
;;;;39;;;;;X;X;X;;;;;;X;X;X;;;;;;X;X;X;;;;;;X;;X;;;;;;;;;;;;;;x;X;X;;;;;;X;X;X;;;;;;;;;;;;;;;;;;;;;;;;;;
;;;;40;;;;;X;X;X;;;;;;X;X;X;;;;;;X;X;X;;;;;;X;;X;;;;;;;;;;;;;;x;X;X;;;;;;X;X;X;;;;;;;;;;;;;;;;;;;;;;;;;;
;;;;41;;;;;X;X;X;;;;;;X;X;X;;;;;;X;X;X;;;;;;X;;X;;;;;;;;;;;;;;x;X;X;;;;;;X;X;X;;;;;;;;;;;;;;;;;;;;;;;;;;
;;;;42;;;;;X;X;X;;;;;;X;X;X;;;;;;X;X;X;;;;;;X;;X;;;;;;;;;;;;;;x;X;X;;;;;;X;X;X;;;;;;;;;;;;;;;;;;;;;;;;;;
;;;;43;;;;;X;X;X;;;;;;X;X;X;;;;;;X;X;X;;;;;;X;;X;;;;;;;;;;;;;;x;X;X;;;;;;X;X;X;;;;;;;;;;;;;;;;;;;;;;;;;;
;;;;44;;;;;X;X;X;;;;;;X;X;X;;;;;;X;X;X;;;;;;X;;X;;;;;;;;;;;;;;x;X;X;;;;;;X;X;X;;;;;;;;;;;;;;;;;;;;;;;;;;
;;;;45;;;;;X;X;X;;;;;;X;X;X;;;;;;X;X;X;;;;;;X;;X;;;;;;;;;;;;;;x;X;X;;;;;;X;X;X;;;;;;;;;;;;;;;;;;;;;;;;;;
;;;;46;;;;;X;X;X;;;;;;X;X;X;;;;;;X;X;X;;;;;;X;;X;;;;;;;;;;;;;;x;X;X;;;;;;X;X;X;;;;;;;;;;;;;;;;;;;;;;;;;;
;;;;47;;;;;X;X;X;;;;;;X;X;X;;;;;;X;X;X;;;;;;X;;X;;;;;;;;;;;;;;x;X;X;;;;;;X;X;X;;;;;;;;;;;;;;;;;;;;;;;;;;
;;;;48;;;;;X;X;X;;;;;;X;X;X;;;;;;X;X;X;;;;;;X;;X;;;;;;;;;;;;;;x;X;X;;;;;;X;X;X;;;;;;;;;;;;;;;;;;;;;;;;;;
;;;;49;;;;;X;X;X;;;;;;X;X;X;;;;;;X;X;X;;;;;;X;;X;;;;;;;;;;;;;;x;X;X;;;;;;X;X;X;;;;;;;;;;;;;;;;;;;;;;;;;;
;;;;50;;;;;X;X;X;;;;;;X;X;X;;;;;;X;X;X;;;;;;X;;X;;;;;;;;;;;;;;x;X;X;;;;;;X;X;X;;;;;;;;;;;;;;;;;;;;;;;;;;
;;;;51;;;;;X;X;X;;;;;;X;X;X;;;;;;X;X;X;;;;;;X;;X;;;;;;;;;;;;;;x;X;X;;;;;;X;X;X;;;;;;;;;;;;;;;;;;;;;;;;;;
;;;;52;;;;;X;X;X;;;;;;X;X;X;;;;;;X;X;X;;;;;;X;;X;;;;;;;;;;;;;;x;X;X;;;;;;X;X;X;;;;;;;;;;;;;;;;;;;;;;;;;;
;;;;53;;;;;X;X;X;;;;;;X;X;X;;;;;;X;X;X;;;;;;X;;X;;;;;;;;;;;;;;x;X;X;;;;;;X;X;X;;;;;;;;;;;;;;;;;;;;;;;;;;
;;;;54;;;;;X;X;X;;;;;;X;X;X;;;;;;X;X;X;;;;;;X;;X;;;;;;;;;;;;;;x;X;X;;;;;;X;X;X;;;;;;;;;;;;;;;;;;;;;;;;;;
;;;;55;;;;;X;X;X;;;;;;X;X;X;;;;;;X;X;X;;;;;;X;;X;;;;;;;;;;;;;;x;X;X;;;;;;X;X;X;;;;;;;;;;;;;;;;;;;;;;;;;;
;;;;56;;;;;X;X;X;;;;;;X;X;X;;;;;;X;X;X;;;;;;X;;X;;;;;;;;;;;;;;x;X;X;;;;;;X;X;X;;;;;;;;;;;;;;;;;;;;;;;;;;
;;;;57;;;;;X;X;X;;;;;;X;X;X;;;;;;X;X;X;;;;;;X;;X;;;;;;;;;;;;;;x;X;X;;;;;;X;X;X;;;;;;;;;;;;;;;;;;;;;;;;;;
;;;;58;;;;;X;X;X;;;;;;X;X;X;;;;;;X;X;X;;;;;;X;;X;;;;;;;;;;;;;;x;X;X;;;;;;X;X;X;;;;;;;;;;;;;;;;;;;;;;;;;;
;;;;59;;;;;X;X;X;;;;;;X;X;X;;;;;;X;X;X;;;;;;X;;X;;;;;;;;;;;;;;x;X;X;;;;;;X;X;X;;;;;;;;;;;;;;;;;;;;;;;;;;
;;;;60;;;;;X;X;X;;;;;;X;X;X;;;;;;X;X;X;;;;;;X;;X;;;;;;;;;;;;;;x;X;X;;;;;;X;X;X;;;;;;;;;;;;;;;;;;;;;;;;;;
;;;;61;;;;;X;X;X;;;;;;X;X;X;;;;;;X;X;X;;;;;;X;;X;;;;;;;;;;;;;;x;X;X;;;;;;X;X;X;;;;;;;;;;;;;;;;;;;;;;;;;;
;;;;62;;;;;X;X;X;;;;;;X;X;X;;;;;;X;X;X;;;;;;X;;X;;;;;;;;;;;;;;x;X;X;;;;;;X;X;X;;;;;;;;;;;;;;;;;;;;;;;;;;
;;;;63;;;;;X;X;X;;;;;;X;X;X;;;;;;X;X;X;;;;;;X;;X;;;;;;;;;;;;;;x;X;X;;;;;;X;X;X;;;;;;;;;;;;;;;;;;;;;;;;;;
;;;;64;;;;;X;X;X;;;;;;X;X;X;;;;;;X;X;X;;;;;;X;;X;;;;;;;;;;;;;;x;X;X;;;;;;X;X;X;;;;;;;;;;;;;;;;;;;;;;;;;;
;;;;65;;;;;X;X;X;;;;;;X;X;X;;;;;;X;X;X;;;;;;X;;X;;;;;;;;;;;;;;x;X;X;;;;;;X;X;X;;;;;;;;;;;;;;;;;;;;;;;;;;
;;;;66;;;;;X;X;X;;;;;;X;X;X;;;;;;X;X;X;;;;;;X;;X;;;;;;;;;;;;;;x;X;X;;;;;;X;X;X;;;;;;;;;;;;;;;;;;;;;;;;;;
;;;;67;;;;;X;X;X;;;;;;X;X;X;;;;;;X;X;X;;;;;;X;;X;;;;;;;;;;;;;;x;X;X;;;;;;X;X;X;;;;;;;;;;;;;;;;;;;;;;;;;;
NO USE;NO USE;NO USE;;;;;;;NO BAGSPACE LEFT BITCH;;;;;;;;NO BAGSPACE LEFT BITCH;;;;;;;;NO BAGSPACE LEFT BITCH;;;;;;;;NO BAGSPACE LEFT BITCH;;;;;;;;NO BAGSPACE LEFT BITCH;;;;;;;;NO BAGSPACE LEFT BITCH;;;;;;;;NO BAGSPACE LEFT BITCH;;;;;;;;;;;;;;;;;;;;;;;;;;;;
;;;;;;;;;;;;;;;;;;;;;;;;;;;;;;;;;;;;;;;;;;;;;;;;;;;;;;;;;;;;;;;;;;;;;;;;;;;;;;;;;;;;;
;;;;;;;;;;;;;;;;;;;;;;;;;;;;;;;;;;;;;;;;;;;;;;;;;;;;;;;;;;;;;;;;;;;;;;;;;;;;;;;;;;;;;
;;;;;;;;;;;;;;;;;;;;;;;;;;;;;;;;;;;;;;;;;;;;;;;;;;;;;;;;;;;;;;;;;;;;;;;;;;;;;;;;;;;;;
;;;;;;;;;;;;;;;;;;;;;;;;;;;;;;;;;;;;;;;;;;;;;;;;;;;;;;;;;;;;;;;;;;;;;;;;;;;;;;;;;;;;;
;;;;;;;;;;;;;;;;;;;;;;;;;;;;;;;;;;;;;;;;;;;;;;;;;;;;;;;;;;;;;;;;;;;;;;;;;;;;;;;;;;;;;
;;;;;;;;;;;;;;;;;;;;;;;;;;;;;;;;;;;;;;;;;;;;;;;;;;;;;;;;;;;;;;;;;;;;;;;;;;;;;;;;;;;;;
;;;;;;;;;;;;;;;;;;;;;;;;;;;;;;;;;;;;;;;;;;;;;;;;;;;;;;;;;;;;;;;;;;;;;;;;;;;;;;;;;;;;;
;;;;;;;;;;;;;;;;;;;;;;;;;;;;;;;;;;;;;;;;;;;;;;;;;;;;;;;;;;;;;;;;;;;;;;;;;;;;;;;;;;;;;
;;;;;;;;;;;;;;;;;;;;;;;;;;;;;;;;;;;;;;;;;;;;;;;;;;;;;;;;;;;;;;;;;;;;;;;;;;;;;;;;;;;;;
;;;;;;;;;;;;;;;;;;;;;;;;;;;;;;;;;;;;;;;;;;;;;;;;;;;;;;;;;;;;;;;;;;;;;;;;;;;;;;;;;;;;;
;;;;;;;;;;;;;;;;;;;;;;;;;;;;;;;;;;;;;;;;;;;;;;;;;;;;;;;;;;;;;;;;;;;;;;;;;;;;;;;;;;;;;
;;;;;;;;;;;;;;;;;;;;;;;;;;;;;;;;;;;;;;;;;;;;;;;;;;;;;;;;;;;;;;;;;;;;;;;;;;;;;;;;;;;;;
;;;;;;;;;;;;;;;;;;;;;;;;;;;;;;;;;;;;;;;;;;;;;;;;;;;;;;;;;;;;;;;;;;;;;;;;;;;;;;;;;;;;;
;;;;;;;;;;;;;;;;;;;;;;;;;;;;;;;;;;;;;;;;;;;;;;;;;;;;;;;;;;;;;;;;;;;;;;;;;;;;;;;;;;;;;
;;;;;;;;;;;;;;;;;;;;;;;;;;;;;;;;;;;;;;;;;;;;;;;;;;;;;;;;;;;;;;;;;;;;;;;;;;;;;;;;;;;;;
;;;;;;;;;;;;;;;;;;;;;;;;;;;;;;;;;;;;;;;;;;;;;;;;;;;;;;;;;;;;;;;;;;;;;;;;;;;;;;;;;;;;;
;;;;;;;;;;;;;;;;;;;;;;;;;;;;;;;;;;;;;;;;;;;;;;;;;;;;;;;;;;;;;;;;;;;;;;;;;;;;;;;;;;;;;
;;;;;;;;;;;;;;;;;;;;;;;;;;;;;;;;;;;;;;;;;;;;;;;;;;;;;;;;;;;;;;;;;;;;;;;;;;;;;;;;;;;;;
;;;;;;;;;;;;;;;;;;;;;;;;;;;;;;;;;;;;;;;;;;;;;;;;;;;;;;;;;;;;;;;;;;;;;;;;;;;;;;;;;;;;;
;;;Formen;;;;;;;;;;;;;;;;;;;;;;;;;;;;;;;;;;;;;;;;;;;;;;;;;;;;;;;;;;;;;;;;;;;;;;;;;;;;;;;;;;
;;;Ränge;Benötigte Punkte;;;;;Name:;Auswirkung;Wert;Kosten;;;;;;;;;;;;;;;;;;;;;;;;;;;;;;;;;;;;;;;;;;;;;;;;;;;;;;;;;;;;;;;;;;;;;;;;;
;;;A;100;;;;;;;;;;;;;;;;;;;;;;;;;;;;;;;;;;;;;;;;;;;;;;;;;;;;;;;;;;;;;;;;;;;;;;;;;;;;;;;;;
;;;B;100;;;;;;;;;;;;;;;;;;;;;;;;;;;;;;;;;;;;;;;;;;;;;;;;;;;;;;;;;;;;;;;;;;;;;;;;;;;;;;;;;
;;;C;100;;;;;;;;;;;;;;;;;;;;;;;;;;;;;;;;;;;;;;;;;;;;;;;;;;;;;;;;;;;;;;;;;;;;;;;;;;;;;;;;;
;;;D;100;;;;;;;;;;;;;;;;;;;;;;;;;;;;;;;;;;;;;;;;;;;;;;;;;;;;;;;;;;;;;;;;;;;;;;;;;;;;;;;;;
;;;S;100;;;;;;;;;;;;;;;;;;;;;;;;;;;;;;;;;;;;;;;;;;;;;;;;;;;;;;;;;;;;;;;;;;;;;;;;;;;;;;;;;
;;;;;;;;;;;;;;;;;;;;;;;;;;;;;;;;;;;;;;;;;;;;;;;;;;;;;;;;;;;;;;;;;;;;;;;;;;;;;;;;;;;;;
;;;;;;;;;;;;;;;;;;;;;;;;;;;;;;;;;;;;;;;;;;;;;;;;;;;;;;;;;;;;;;;;;;;;;;;;;;;;;;;;;;;;;
;;;;;;;;;;;;;;;;;;;;;;;;;;;;;;;;;;;;;;;;;;;;;;;;;;;;;;;;;;;;;;;;;;;;;;;;;;;;;;;;;;;;;
;;;;;;;;;;;;;;;;;;;;;;;;;;;;;;;;;;;;;;;;;;;;;;;;;;;;;;;;;;;;;;;;;;;;;;;;;;;;;;;;;;;;;
;;;;;;;;;;;;;;;;;;;;;;;;;;;;;;;;;;;;;;;;;;;;;;;;;;;;;;;;;;;;;;;;;;;;;;;;;;;;;;;;;;;;;
;;;;;;;;;;;;;;;;;;;;;;;;;;;;;;;;;;;;;;;;;;;;;;;;;;;;;;;;;;;;;;;;;;;;;;;;;;;;;;;;;;;;;
;;;;;;;;;;;;;;;;;;;;;;;;;;;;;;;;;;;;;;;;;;;;;;;;;;;;;;;;;;;;;;;;;;;;;;;;;;;;;;;;;;;;;
;;;;;;;;;;;;;;;;;;;;;;;;;;;;;;;;;;;;;;;;;;;;;;;;;;;;;;;;;;;;;;;;;;;;;;;;;;;;;;;;;;;;;
;;;;;;;;;;;;;;;;;;;;;;;;;;;;;;;;;;;;;;;;;;;;;;;;;;;;;;;;;;;;;;;;;;;;;;;;;;;;;;;;;;;;;
;;;;;;;;;;;;;;;;;;;;;;;;;;;;;;;;;;;;;;;;;;;;;;;;;;;;;;;;;;;;;;;;;;;;;;;;;;;;;;;;;;;;;
;;;;;;;;;;;;;;;;;;;;;;;;;;;;;;;;;;;;;;;;;;;;;;;;;;;;;;;;;;;;;;;;;;;;;;;;;;;;;;;;;;;;;
;;;;;;;;;;;;;;;;;;;;;;;;;;;;;;;;;;;;;;;;;;;;;;;;;;;;;;;;;;;;;;;;;;;;;;;;;;;;;;;;;;;;;
;;;;;;;;;;;;;;;;;;;;;;;;;;;;;;;;;;;;;;;;;;;;;;;;;;;;;;;;;;;;;;;;;;;;;;;;;;;;;;;;;;;;;
;;;;;;;;;;;;;;;;;;;;;;;;;;;;;;;;;;;;;;;;;;;;;;;;;;;;;;;;;;;;;;;;;;;;;;;;;;;;;;;;;;;;;
;;;;;;;;;;;;;;;;;;;;;;;;;;;;;;;;;;;;;;;;;;;;;;;;;;;;;;;;;;;;;;;;;;;;;;;;;;;;;;;;;;;;;
;;;;;;;;;;;;;;;;;;;;;;;;;;;;;;;;;;;;;;;;;;;;;;;;;;;;;;;;;;;;;;;;;;;;;;;;;;;;;;;;;;;;;
;;;;;;;;;;;;;;;;;;;;;;;;;;;;;;;;;;;;;;;;;;;;;;;;;;;;;;;;;;;;;;;;;;;;;;;;;;;;;;;;;;;;;
;;;;;;;;;;;;;;;;;;;;;;;;;;;;;;;;;;;;;;;;;;;;;;;;;;;;;;;;;;;;;;;;;;;;;;;;;;;;;;;;;;;;;
;;;;;;;;;;;;;;;;;;;;;;;;;;;;;;;;;;;;;;;;;;;;;;;;;;;;;;;;;;;;;;;;;;;;;;;;;;;;;;;;;;;;;
;;;;;;;;;;;;;;;;;;;;;;;;;;;;;;;;;;;;;;;;;;;;;;;;;;;;;;;;;;;;;;;;;;;;;;;;;;;;;;;;;;;;;
;;;;;;;;;;;;;;;;;;;;;;;;;;;;;;;;;;;;;;;;;;;;;;;;;;;;;;;;;;;;;;;;;;;;;;;;;;;;;;;;;;;;;
;;;;;;;;;;;;;;;;;;;;;;;;;;;;;;;;;;;;;;;;;;;;;;;;;;;;;;;;;;;;;;;;;;;;;;;;;;;;;;;;;;;;;
;;;;;;;;;;;;;;;;;;;;;;;;;;;;;;;;;;;;;;;;;;;;;;;;;;;;;;;;;;;;;;;;;;;;;;;;;;;;;;;;;;;;;
;;;;;;;;;;;;;;;;;;;;;;;;;;;;;;;;;;;;;;;;;;;;;;;;;;;;;;;;;;;;;;;;;;;;;;;;;;;;;;;;;;;;;
;;;;;;;;;;;;;;;;;;;;;;;;;;;;;;;;;;;;;;;;;;;;;;;;;;;;;;;;;;;;;;;;;;;;;;;;;;;;;;;;;;;;;
;;;;;;;;;;;;;;;;;;;;;;;;;;;;;;;;;;;;;;;;;;;;;;;;;;;;;;;;;;;;;;;;;;;;;;;;;;;;;;;;;;;;;
;;;;;;;;;;;;;;;;;;;;;;;;;;;;;;;;;;;;;;;;;;;;;;;;;;;;;;;;;;;;;;;;;;;;;;;;;;;;;;;;;;;;;
;;;;;;;;;;;;;;;;;;;;;;;;;;;;;;;;;;;;;;;;;;;;;;;;;;;;;;;;;;;;;;;;;;;;;;;;;;;;;;;;;;;;;
;;;;;;;;;;;;;;;;;;;;;;;;;;;;;;;;;;;;;;;;;;;;;;;;;;;;;;;;;;;;;;;;;;;;;;;;;;;;;;;;;;;;;
;;;;;;;;;;;;;;;;;;;;;;;;;;;;;;;;;;;;;;;;;;;;;;;;;;;;;;;;;;;;;;;;;;;;;;;;;;;;;;;;;;;;;
;;;;;;;;;;;;;;;;;;;;;;;;;;;;;;;;;;;;;;;;;;;;;;;;;;;;;;;;;;;;;;;;;;;;;;;;;;;;;;;;;;;;;
;;;;;;;;;;;;;;;;;;;;;;;;;;;;;;;;;;;;;;;;;;;;;;;;;;;;;;;;;;;;;;;;;;;;;;;;;;;;;;;;;;;;;
;;;;;;;;;;;;;;;;;;;;;;;;;;;;;;;;;;;;;;;;;;;;;;;;;;;;;;;;;;;;;;;;;;;;;;;;;;;;;;;;;;;;;
;;;;;;;;;;;;;;;;;;;;;;;;;;;;;;;;;;;;;;;;;;;;;;;;;;;;;;;;;;;;;;;;;;;;;;;;;;;;;;;;;;;;;
;;;;;;;;;;;;;;;;;;;;;;;;;;;;;;;;;;;;;;;;;;;;;;;;;;;;;;;;;;;;;;;;;;;;;;;;;;;;;;;;;;;;;
;;;;;;;;;;;;;;;;;;;;;;;;;;;;;;;;;;;;;;;;;;;;;;;;;;;;;;;;;;;;;;;;;;;;;;;;;;;;;;;;;;;;;
;;;;;;;;;;;;;;;;;;;;;;;;;;;;;;;;;;;;;;;;;;;;;;;;;;;;;;;;;;;;;;;;;;;;;;;;;;;;;;;;;;;;;
;;;;;;;;;;;;;;;;;;;;;;;;;;;;;;;;;;;;;;;;;;;;;;;;;;;;;;;;;;;;;;;;;;;;;;;;;;;;;;;;;;;;;
;;;;;;;;;;;;;;;;;;;;;;;;;;;;;;;;;;;;;;;;;;;;;;;;;;;;;;;;;;;;;;;;;;;;;;;;;;;;;;;;;;;;;
;;;;;;;;;;;;;;;;;;;;;;;;;;;;;;;;;;;;;;;;;;;;;;;;;;;;;;;;;;;;;;;;;;;;;;;;;;;;;;;;;;;;;
;;;;;;;;;;;;;;;;;;;;;;;;;;;;;;;;;;;;;;;;;;;;;;;;;;;;;;;;;;;;;;;;;;;;;;;;;;;;;;;;;;;;;
;;;;;;;;;;;;;;;;;;;;;;;;;;;;;;;;;;;;;;;;;;;;;;;;;;;;;;;;;;;;;;;;;;;;;;;;;;;;;;;;;;;;;
;;;;;;;;;;;;;;;;;;;;;;;;;;;;;;;;;;;;;;;;;;;;;;;;;;;;;;;;;;;;;;;;;;;;;;;;;;;;;;;;;;;;;
;;;;;;;;;;;;;;;;;;;;;;;;;;;;;;;;;;;;;;;;;;;;;;;;;;;;;;;;;;;;;;;;;;;;;;;;;;;;;;;;;;;;;
;;;;;;;;;;;;;;;;;;;;;;;;;;;;;;;;;;;;;;;;;;;;;;;;;;;;;;;;;;;;;;;;;;;;;;;;;;;;;;;;;;;;;
;;;;;;;;;;;;;;;;;;;;;;;;;;;;;;;;;;;;;;;;;;;;;;;;;;;;;;;;;;;;;;;;;;;;;;;;;;;;;;;;;;;;;
;;;;;;;;;;;;;;;;;;;;;;;;;;;;;;;;;;;;;;;;;;;;;;;;;;;;;;;;;;;;;;;;;;;;;;;;;;;;;;;;;;;;;
;;;;;;;;;;;;;;;;;;;;;;;;;;;;;;;;;;;;;;;;;;;;;;;;;;;;;;;;;;;;;;;;;;;;;;;;;;;;;;;;;;;;;
;;;;;;;;;;;;;;;;;;;;;;;;;;;;;;;;;;;;;;;;;;;;;;;;;;;;;;;;;;;;;;;;;;;;;;;;;;;;;;;;;;;;;
;;;;;;;;;;;;;;;;;;;;;;;;;;;;;;;;;;;;;;;;;;;;;;;;;;;;;;;;;;;;;;;;;;;;;;;;;;;;;;;;;;;;;
;;;;;;;;;;;;;;;;;;;;;;;;;;;;;;;;;;;;;;;;;;;;;;;;;;;;;;;;;;;;;;;;;;;;;;;;;;;;;;;;;;;;;
;;;;;;;;;;;;;;;;;;;;;;;;;;;;;;;;;;;;;;;;;;;;;;;;;;;;;;;;;;;;;;;;;;;;;;;;;;;;;;;;;;;;;
;;;;;;;;;;;;;;;;;;;;;;;;;;;;;;;;;;;;;;;;;;;;;;;;;;;;;;;;;;;;;;;;;;;;;;;;;;;;;;;;;;;;;
;;;;;;;;;;;;;;;;;;;;;;;;;;;;;;;;;;;;;;;;;;;;;;;;;;;;;;;;;;;;;;;;;;;;;;;;;;;;;;;;;;;;;
;;;;;;;;;;;;;;;;;;;;;;;;;;;;;;;;;;;;;;;;;;;;;;;;;;;;;;;;;;;;;;;;;;;;;;;;;;;;;;;;;;;;;
;;;;;;;;;;;;;;;;;;;;;;;;;;;;;;;;;;;;;;;;;;;;;;;;;;;;;;;;;;;;;;;;;;;;;;;;;;;;;;;;;;;;;
;;;;;;;;;;;;;;;;;;;;;;;;;;;;;;;;;;;;;;;;;;;;;;;;;;;;;;;;;;;;;;;;;;;;;;;;;;;;;;;;;;;;;
;;;;;;;;;;;;;;;;;;;;;;;;;;;;;;;;;;;;;;;;;;;;;;;;;;;;;;;;;;;;;;;;;;;;;;;;;;;;;;;;;;;;;
;;;;;;;;;;;;;;;;;;;;;;;;;;;;;;;;;;;;;;;;;;;;;;;;;;;;;;;;;;;;;;;;;;;;;;;;;;;;;;;;;;;;;
;;;;;;;;;;;;;;;;;;;;;;;;;;;;;;;;;;;;;;;;;;;;;;;;;;;;;;;;;;;;;;;;;;;;;;;;;;;;;;;;;;;;;
;;;;;;;;;;;;;;;;;;;;;;;;;;;;;;;;;;;;;;;;;;;;;;;;;;;;;;;;;;;;;;;;;;;;;;;;;;;;;;;;;;;;;
;;;Boons;;;;;;;;;;;;Vorteile NEU;;;;;;;;;;;;;;;;;;;;;;;;;;;;;;;;;;;;;;;;;;;;;;;;;;;;;;;;;;;;;;;;;;;;;;
;;;Name;Effekt;Wert;;;Name:;Auswirkung;Wert;Kosten;;;;Name;Beschreibung;Wert;Kosten;;;;;;;;;;;;;;;;;;;;;;;;;;;;;;;;;;;;;;;;;;;;;;;;;;;;;;;;;;;;;;;;;;;
;;;;;;;;;;;;;;;;;;;;;;;;;;;;;;;;;;;;;;;;;;;;;;;;;;;;;;;;;;;;;;;;;;;;;;;;;;;;;;;;;;;;;
;;;;;;;;;;;;;;;;;;;;;;;;;;;;;;;;;;;;;;;;;;;;;;;;;;;;;;;;;;;;;;;;;;;;;;;;;;;;;;;;;;;;;
;;;;;;;;;;;;;;;;;;;;;;;;;;;;;;;;;;;;;;;;;;;;;;;;;;;;;;;;;;;;;;;;;;;;;;;;;;;;;;;;;;;;;
;;;;;;;;;;;;;;;;;;;;;;;;;;;;;;;;;;;;;;;;;;;;;;;;;;;;;;;;;;;;;;;;;;;;;;;;;;;;;;;;;;;;;
;;;;;;;;;;;;;;;;;;;;;;;;;;;;;;;;;;;;;;;;;;;;;;;;;;;;;;;;;;;;;;;;;;;;;;;;;;;;;;;;;;;;;
;;;;;;;;;;;;;;;;;;;;;;;;;;;;;;;;;;;;;;;;;;;;;;;;;;;;;;;;;;;;;;;;;;;;;;;;;;;;;;;;;;;;;
;;;;;;;;;;;;;;;;;;;;;;;;;;;;;;;;;;;;;;;;;;;;;;;;;;;;;;;;;;;;;;;;;;;;;;;;;;;;;;;;;;;;;
;;;;;;;;;;;;;;;;;;;;;;;;;;;;;;;;;;;;;;;;;;;;;;;;;;;;;;;;;;;;;;;;;;;;;;;;;;;;;;;;;;;;;
;;;;;;;;;;;;;;;;;;;;;;;;;;;;;;;;;;;;;;;;;;;;;;;;;;;;;;;;;;;;;;;;;;;;;;;;;;;;;;;;;;;;;
;;;;;;;;;;;;;;;;;;;;;;;;;;;;;;;;;;;;;;;;;;;;;;;;;;;;;;;;;;;;;;;;;;;;;;;;;;;;;;;;;;;;;
;;;;;;;;;;;;;;;;;;;;;;;;;;;;;;;;;;;;;;;;;;;;;;;;;;;;;;;;;;;;;;;;;;;;;;;;;;;;;;;;;;;;;
;;;;;;;;;;;;;;;;;;;;;;;;;;;;;;;;;;;;;;;;;;;;;;;;;;;;;;;;;;;;;;;;;;;;;;;;;;;;;;;;;;;;;
;;;;;;;;;;;;;;;;;;;;;;;;;;;;;;;;;;;;;;;;;;;;;;;;;;;;;;;;;;;;;;;;;;;;;;;;;;;;;;;;;;;;;
;;;;;;;;;;;;;;;;;;;;;;;;;;;;;;;;;;;;;;;;;;;;;;;;;;;;;;;;;;;;;;;;;;;;;;;;;;;;;;;;;;;;;
;;;;;;;;;;;;;;;;;;;;;;;;;;;;;;;;;;;;;;;;;;;;;;;;;;;;;;;;;;;;;;;;;;;;;;;;;;;;;;;;;;;;;
;;;;;;;;;;;;;;;;;;;;;;;;;;;;;;;;;;;;;;;;;;;;;;;;;;;;;;;;;;;;;;;;;;;;;;;;;;;;;;;;;;;;;
;;;;;;;;;;;;;;;;;;;;;;;;;;;;;;;;;;;;;;;;;;;;;;;;;;;;;;;;;;;;;;;;;;;;;;;;;;;;;;;;;;;;;
;;;;;;;;;;;;;;;;;;;;;;;;;;;;;;;;;;;;;;;;;;;;;;;;;;;;;;;;;;;;;;;;;;;;;;;;;;;;;;;;;;;;;
;;;;;;;;;;;;;;;;;;;;;;;;;;;;;;;;;;;;;;;;;;;;;;;;;;;;;;;;;;;;;;;;;;;;;;;;;;;;;;;;;;;;;
;;;;;;;;;;;;;;;;;;;;;;;;;;;;;;;;;;;;;;;;;;;;;;;;;;;;;;;;;;;;;;;;;;;;;;;;;;;;;;;;;;;;;
;;;;;;;;;;;;;;;;;;;;;;;;;;;;;;;;;;;;;;;;;;;;;;;;;;;;;;;;;;;;;;;;;;;;;;;;;;;;;;;;;;;;;
;;;;;;;;;;;;;;;;;;;;;;;;;;;;;;;;;;;;;;;;;;;;;;;;;;;;;;;;;;;;;;;;;;;;;;;;;;;;;;;;;;;;;
;;;;;;;;;;;;;;;;;;;;;;;;;;;;;;;;;;;;;;;;;;;;;;;;;;;;;;;;;;;;;;;;;;;;;;;;;;;;;;;;;;;;;
;;;;;;;;;;;;;;;;;;;;;;;;;;;;;;;;;;;;;;;;;;;;;;;;;;;;;;;;;;;;;;;;;;;;;;;;;;;;;;;;;;;;;
;;;;;;;;;;;;;;;;;;;;;;;;;;;;;;;;;;;;;;;;;;;;;;;;;;;;;;;;;;;;;;;;;;;;;;;;;;;;;;;;;;;;;
;;;;;;;;;;;;;;;;;;;;;;;;;;;;;;;;;;;;;;;;;;;;;;;;;;;;;;;;;;;;;;;;;;;;;;;;;;;;;;;;;;;;;
;;;;;;;;;;;;;;;;;;;;;;;;;;;;;;;;;;;;;;;;;;;;;;;;;;;;;;;;;;;;;;;;;;;;;;;;;;;;;;;;;;;;;
;;;;;;;;;;;;;;;;;;;;;;;;;;;;;;;;;;;;;;;;;;;;;;;;;;;;;;;;;;;;;;;;;;;;;;;;;;;;;;;;;;;;;
;;;;;;;;;;;;;;;;;;;;;;;;;;;;;;;;;;;;;;;;;;;;;;;;;;;;;;;;;;;;;;;;;;;;;;;;;;;;;;;;;;;;;
;;;;;;;;;;;;;;;;;;;;;;;;;;;;;;;;;;;;;;;;;;;;;;;;;;;;;;;;;;;;;;;;;;;;;;;;;;;;;;;;;;;;;
;;;;;;;;;;;;;;;;;;;;;;;;;;;;;;;;;;;;;;;;;;;;;;;;;;;;;;;;;;;;;;;;;;;;;;;;;;;;;;;;;;;;;
;;;;;;;;;;;;;;;;;;;;;;;;;;;;;;;;;;;;;;;;;;;;;;;;;;;;;;;;;;;;;;;;;;;;;;;;;;;;;;;;;;;;;
;;;;;;;;;;;;;;;;;;;;;;;;;;;;;;;;;;;;;;;;;;;;;;;;;;;;;;;;;;;;;;;;;;;;;;;;;;;;;;;;;;;;;
;;;;;;;;;;;;;;;;;;;;;;;;;;;;;;;;;;;;;;;;;;;;;;;;;;;;;;;;;;;;;;;;;;;;;;;;;;;;;;;;;;;;;
;;;;;;;;;;;;;;;;;;;;;;;;;;;;;;;;;;;;;;;;;;;;;;;;;;;;;;;;;;;;;;;;;;;;;;;;;;;;;;;;;;;;;
;;;Allgemeine Vorteile;;;;;;;;;;;;;;;;;;;;;;;;;;;;;;;;;;;;;;;;;;;;;;;;;;;;;;;;;;;;;;;;;;;;;;;;;;;;;;;;;;
;;;Name:;Auswirkung;Wert;Kosten;;;;;;;;;;;;;;;;;;;;;;;;;;;;;;;;;;;;;;;;;;;;;;;;;;;;;;;;;;;;;;;;;;;;;;;;;;;;;;;
;;;Adaptive Essenz;Erlaubt es eine weitere Essenz zu augmentieren.;;1;;;;;;;;;;;;;;;;;;;;;;;;;;;;;;;;;;;;;;;;;;;;;;;;;;;;;;;;;;;;;;;;;;;;;;;;;;;;;;;
;;;Aktionsausbruch;Erlaubt es eine Bonusaktion in eine Aktion umzuwandeln. Muss danach eine Rast einlegen um diesen Vorteil wieder zu erhalten.;;1;;;;;;;;;;;;;;;;;;;;;;;;;;;;;;;;;;;;;;;;;;;;;;;;;;;;;;;;;;;;;;;;;;;;;;;;;;;;;;;
;;;Anspornender Schrei;Erhöht die LE der gesamten Gruppe für eine Runde um 50% der maximalen LE.;;1;;;;;;;;;;;;;;;;;;;;;;;;;;;;;;;;;;;;;;;;;;;;;;;;;;;;;;;;;;;;;;;;;;;;;;;;;;;;;;;
;;;Aufmerksam;Kann nicht überrascht werden. Kann im Schlaf eine Probe auf WN - 6 würfeln um so ein anschleichendes Ziel zu bemerken;;1;;;;;;;;;;;;;;;;;;;;;;;;;;;;;;;;;;;;;;;;;;;;;;;;;;;;;;;;;;;;;;;;;;;;;;;;;;;;;;;
;;;Axtmeister;Ihr erhaltet auf den Kampf mit Äxten und Zweihandäxte und vergleichbaren Waffen 2 Schaden mehr. Außerdem sind Angriffe mit diesen Waffen um 1 erl.;;1;;;;;;;;;;;;;;;;;;;;;;;;;;;;;;;;;;;;;;;;;;;;;;;;;;;;;;;;;;;;;;;;;;;;;;;;;;;;;;;
;;;Berittener Kampf;Während ihr auf einem an Euch gebundenen Reittier sitzt, erhaltet ihr auf Angriffe gegen einen Gegner immer einen Vorteil. Wenn Euer Reittier Schaden erhalten würde, könnt ihr einen BW-Rettungsroll durchführen. Schafft ihr den Roll so erhält Euer Reittier nur den halben Schaden, schafft Ihr den Roll nicht so erhält es den gesamten Schaden;;1;;;;;;;;;;;;;;;;;;;;;;;;;;;;;;;;;;;;;;;;;;;;;;;;;;;;;;;;;;;;;;;;;;;;;;;;;;;;;;;
;;;Berserkerhiebe;Erlaubt es dem Charakter den nächsten Hieb zu überladen und Halbkönnen zu AT hinzuzurechnen. Der Gegenwurf des Gegners ist daraufhin um 5 erschwert.;;1;;;;;;;;;;;;;;;;;;;;;;;;;;;;;;;;;;;;;;;;;;;;;;;;;;;;;;;;;;;;;;;;;;;;;;;;;;;;;;;
;;;Beschwörungskunst;Erlaubt euch das Umbeschwören oder neu beschwören einer Beschwörung nach dem ersten Mal anstelle von einer Aktion mit einer Bonusaktion durchzuführen.;;1;;;;;;;;;;;;;;;;;;;;;;;;;;;;;;;;;;;;;;;;;;;;;;;;;;;;;;;;;;;;;;;;;;;;;;;;;;;;;;;
;;;Bogenmeister;Ihr erhaltet auf den Kampf mit Bögen, Donnerbüchsen, Armbrüsten und vergleichbaren Waffen 2 Schaden mehr. Außerdem sind Angriffe mit diesen Waffen um 1 erl.;;1;;;;;;;;;;;;;;;;;;;;;;;;;;;;;;;;;;;;;;;;;;;;;;;;;;;;;;;;;;;;;;;;;;;;;;;;;;;;;;;
;;;Dominierende Präsenz;Ihr wirkt einschüchtender. Wenn ihr größer als Euer Gegenüber seid ist Einschüchtern um 2 erleichtert.;;1;;;;;;;;;;;;;;;;;;;;;;;;;;;;;;;;;;;;;;;;;;;;;;;;;;;;;;;;;;;;;;;;;;;;;;;;;;;;;;;
;;;Durchbrechender Schuss;Senkt die FK des Charakters oder GW wenn es sich um einen Gestaltwandler handelt um 5. Erhöht den Schaden der nächsten Fernkampfattacke um 10.;;1;;;;;;;;;;;;;;;;;;;;;;;;;;;;;;;;;;;;;;;;;;;;;;;;;;;;;;;;;;;;;;;;;;;;;;;;;;;;;;;
;;;Eiserner Wille;Erlaubt es dem Charakter sich zu überladen und DEF für den nächsten erlittenen Angriff zu verdoppeln. [Reak] Einmal pro Lange Rast;;1;;;;;;;;;;;;;;;;;;;;;;;;;;;;;;;;;;;;;;;;;;;;;;;;;;;;;;;;;;;;;;;;;;;;;;;;;;;;;;;
;;;Erkunder;In einem Dungeon oder einer Ruine ist das Entdecken von Fallen um 2 erleichtert. (Untersuchung);;1;;;;;;;;;;;;;;;;;;;;;;;;;;;;;;;;;;;;;;;;;;;;;;;;;;;;;;;;;;;;;;;;;;;;;;;;;;;;;;;
;;;Glückswurf;Erhält 3 Glückswürfe. Darf eines der zwei Würfelergebnisse beliebig verwendet werden. (Auch bei Gegnern);0;1;;;;;;;;;;;;;;;;;;;;;;;;;;;;;;;;;;;;;;;;;;;;;;;;;;;;;;;;;;;;;;;;;;;;;;;;;;;;;;;
;;;Handelsgeschick;Eure Feilschkünste erlauben es euch Sonderpreise bei Übernachtungen, Flugpunkten, Reperaturen und Mahlzeiten zu erhalten.;;1;;;;;;;;;;;;;;;;;;;;;;;;;;;;;;;;;;;;;;;;;;;;;;;;;;;;;;;;;;;;;;;;;;;;;;;;;;;;;;;
;;;Heilende Flut;Erlaubt es dem Charakter den nächsten Zauber zu überladen. Für diesen Zauber darf Halbkönnen zu ZAU hinzugerechnet werden. Die Heilung ist um 50% erhöht;;1;;;;;;;;;;;;;;;;;;;;;;;;;;;;;;;;;;;;;;;;;;;;;;;;;;;;;;;;;;;;;;;;;;;;;;;;;;;;;;;
;;;Heimlich;Kein Nachteil mehr durch leichte Sichtbehinderungen. Wenn mit einer Fernkampfattacke verfehlt wird, wird die Position des Charakters nicht offenbart.;;1;;;;;;;;;;;;;;;;;;;;;;;;;;;;;;;;;;;;;;;;;;;;;;;;;;;;;;;;;;;;;;;;;;;;;;;;;;;;;;;
;;;Helfende Hand;Bei einem Unterstützungswurf kann der Spieler 2 D4 Würfeln und muss das bessere Ergebnis verwenden. Zu diesem wird dann 1 hinzugefügt.;;1;;;;;;;;;;;;;;;;;;;;;;;;;;;;;;;;;;;;;;;;;;;;;;;;;;;;;;;;;;;;;;;;;;;;;;;;;;;;;;;
;;;Inspiration;Erlaubt euch einen Gescheiterten Handwerkswurf zu wiederholen.;;1;;;;;;;;;;;;;;;;;;;;;;;;;;;;;;;;;;;;;;;;;;;;;;;;;;;;;;;;;;;;;;;;;;;;;;;;;;;;;;;
;;;Klauenwaffenexperte;Ihr erhaltet auf den Kampf mit Klauenwaffen und Schlagwaffen und vergleichbaren Waffen 2 Schaden mehr. Außerdem sind Angriffe mit diesen Waffen um 1 erl.;;1;;;;;;;;;;;;;;;;;;;;;;;;;;;;;;;;;;;;;;;;;;;;;;;;;;;;;;;;;;;;;;;;;;;;;;;;;;;;;;;
;;;Klingenmeister;Ihr erhaltet auf den Kampf mit Schwertern und vergleichbaren Waffen 2 Schaden mehr. Außerdem sind Angriffe mit diesen Waffen um 1 erl.;;1;;;;;;;;;;;;;;;;;;;;;;;;;;;;;;;;;;;;;;;;;;;;;;;;;;;;;;;;;;;;;;;;;;;;;;;;;;;;;;;
;Glückswurf;;Koch;Ihr erhaltet Können in „Zubereiten“, falls ihr es noch nicht habt. Während einer Langen Rast könnt Ihr Proviant kochen. Dieser Proviant gibt wenn er verzerrt wird, eine Bonusaktion und LE in höhe eures Könnenwerts mal 2;;1;;;;;;;;;;;;;;;;;;;;;;;;;;;;;;;;;;;;;;;;;;;;;;;;;;;;;;;;;;;;;;;;;;;;;;;;;;;;;;;
;Schnelle Kanalisation;;Kriegsmagier;Rettungsrolls auf AUD während eine Konzentrationsaktion aktiv ist, sind erleichtert um 2;;1;;;;;;;;;;;;;;;;;;;;;;;;;;;;;;a;;;;;;;;;;;;;;;;;;;;;;;;;;;;;;;;;;;;;;;;;;;;;;;;;
;Stärke der Welt;;Lanzenmeister;Ihr erhaltet auf den Kampf mit Stangenwaffen und Stäben und vergleichbaren Waffen 2 Schaden mehr. Außerdem sind Angriffe mit diesen Waffen um 1 erl.;;1;;;;;;;;;;;;;;;;;;;;;;;;;;;;;;;;;;;;;;;;;;;;;;;;;;;;;;;;;;;;;;;;;;;;;;;;;;;;;;;
;0;;Letztes Gefecht;Wenn Eure LE auf 0 oder niedriger Fallen, werdet Ihr erst am Ende der nächsten Runde bewusstlos.;;1;;;;;;;;;;;;;;;;;;;;;;;;;;;;;;;;;;;;;;;;;;;;;;;;;;;;;;;;;;;;;;;;;;;;;;;;;;;;;;;
;0;;Limit Break;Nach 7 Runden kann dieser Vorteil gewirkt werden. Kann nur von einer Person in der Gruppe genommen werden. Erhöht den Schaden um 10 für eine Runde und erleichtert sämtliche Würfe um 4 für eine Runde.;;1;;;;;;;;;;;;;;;;;;;;;;;;;;;;;;;;;;;;;;;;;;;;;;;;;;;;;;;;;;;;;;;;;;;;;;;;;;;;;;;
;0;;Linguist;Ermöglicht es drei weitere Sprachen zu lernen, weiters ist es möglich schrifftliche Verschlüsselung für Schriftstücke zu erfinden;;1;;;;;;;;;;;;;;;;;;;;;;;;;;;;;;;;;;;;;;;;;;;;;;;;;;;;;;;;;;;;;;;;;;;;;;;;;;;;;;;
;0;;Lippenleser;Erlaubt es Lippen zu lesen, wenn der Charakter die Sprache des Wesens das er beobachtet spricht;;1;;;;;;;;;;;;;;;;;;;;;;;;;;;;;;;;;;;;;;;;;;;;;;;;;;;;;;;;;;;;;;;;;;;;;;;;;;;;;;;
;0;;Magieausbruch;Erlaubt es dem Charakter den nächsten Zauber zu überladen. Für diesen Zauber darf Halbkönnen zu ZAU hinzugerechnet werden. Der Gegenwurf des Gegners ist daraufhin um 5 erschwert.;;1;;;;;;;;;;;;;;;;;;;;;;;;;;;;;;;;;;;;;;;;;;;;;;;;;;;;;;;;;;;;;;;;;;;;;;;;;;;;;;;
;0;;Magierjäger;Erlaubt es dem Charakter Zauberer in einem Radius von 0,5 Feldern als Reaktion zu attackieren. Angriffe auf ein Ziel das sich konzentriert erschwert diesem den Rettungswurf. Rettungswürfe gegen Zauber aus 0,5 Felder entfernung werden um Halbkönnen erl;;1;;;;;;;;;;;;;;;;;;;;;;;;;;;;;;;;;;;;;;;;;;;;;;;;;;;;;;;;;;;;;;;;;;;;;;;;;;;;;;;
;0;;Meister der Verkleidung;"Gibt ""Feinhandwerk"" den Könnenbonus wenn ein Verkleidungs-Kit verwendet wird. Wenn ein Wesen 1 Stunde beobachtet wird, kann in 8 Stunden eine Verkleidung hergestellt werden um es nachzuahmen.";;1;;;;;;;;;;;;;;;;;;;;;;;;;;;;;;;;;;;;;;;;;;;;;;;;;;;;;;;;;;;;;;;;;;;;;;;;;;;;;;;
;0;;Meisterhaftes Können;Erlaubt euch 2 Fähigkeiten zu wählen in denen ihr Halbkönnen hinzufügen könnt;;1;;;;;;;;;;;;;;;;;;;;;;;;;;;;;;;;;;;;;;;;;;;;;;;;;;;;;;;;;;;;;;;;;;;;;;;;;;;;;;;
;0;;Pfad des Gestaltwandlers;Erlaubt einen Gestaltwandel mehr, indem eine Bonusaktion dafür verwendet wird;;1;;;;;;;;;;;;;;;;;;;;;;;;;;;;;;;;;;;;;;;;;;;;;;;;;;;;;;;;;;;;;;;;;;;;;;;;;;;;;;;
;0;;Pfeilhagel;Erlaubt es dem Charakter den nächsten Fernkampfschuss zu überladen. Für diesen Angriff darf Halbkönnen zu FK hinzugerechnet werden. Der Gegenwurf des Gegners ist daraufhin um 5 erschwert.;;1;;;;;;;;;;;;;;;;;;;;;;;;;;;;;;;;;;;;;;;;;;;;;;;;;;;;;;;;;;;;;;;;;;;;;;;;;;;;;;;
;;;Ruhige Hand;Distanz zum Gegner gibt keinen Malus mehr. Wenn der Charakter über den Vorteil: Fernkämpferverfügt# wird KRIT für Fernkampfangriffe um 1 erhöht;;1;;;;;;;;;;;;;;;;;;;;;;;;;;;;;;;;;;;;;;;;;;;;;;;;;;;;;;;;;;;;;;;;;;;;;;;;;;;;;;;
;;;Schnelle Kanalisation;Rettungsrolls auf AUD während eine Kanalisiation stattfindet sind erleichtert um 2, außerdem kanalisiert die Fähigkeit eine Aktion schneller. Wird dabei 0 Aktionen erreicht so zählt die Aktion als Konzentrationsaktion;;1;;;;;;;;;;;;;;;;;;;;;;;;;;;;;;;;;;;;;;;;;;;;;;;;;;;;;;;;;;;;;;;;;;;;;;;;;;;;;;;
;;;Shatterpoint;Immer wenn ihr einen Angriff wirkt, der die Resistenz eures Gegners ignoriert oder ihr über Euren Durchschlagswert den Gegner überpenetriert regeneriert ihr 10% des verursachten Schadens. (20% bei kritischen Treffern);;1;;;;;;;;;;;;;;;;;;;;;;;;;;;;;;;;;;;;;;;;;;;;;;;;;;;;;;;;;;;;;;;;;;;;;;;;;;;;;;;
;;;Sprinter;Erhöht Euren Bewegungsradius um 1 Feld;;1;;;;;;;;;;;;;;;;;;;;;;;;;;;;;;;;;;;;;;;;;;;;;;;;;;;;;;;;;;;;;;;;;;;;;;;;;;;;;;;
;;;Stärke der Welt;Ihr verdoppelt für eine Runde die Wirksamkeit eurer Unterstützungen. Kann nur von einer Person in der Gruppe genommen werden. ;;1;;;;;;;;;;;;;;;;;;;;;;;;;;;;;;;;;;;;;;;;;;;;;;;;;;;;;;;;;;;;;;;;;;;;;;;;;;;;;;;
;;;Straßenkämpfer;Bei einem Faustkampf, oder wenn ihr keine Waffen und Rüstung trägt, erleidet ihr 2 Schaden weniger und verursacht 1 Schaden mehr. (Muss in Basisform sein);;1;;;;;;;;;;;;;;;;;;;;;;;;;;;;;;;;;;;;;;;;;;;;;;;;;;;;;;;;;;;;;;;;;;;;;;;;;;;;;;;
;;;Streitkolbenwaffenexperte;Ihr erhaltet auf den Kampf mit Streitkolben und Zweihandstreitkolben und vergleichbaren Waffen 2 Schaden mehr. Außerdem sind Angriffe mit diesen Waffen um 1 erl.;;1;;;;;;;;;;;;;;;;;;;;;;;;;;;;;;;;;;;;;;;;;;;;;;;;;;;;;;;;;;;;;;;;;;;;;;;;;;;;;;;
;;;Überwältigen;Erlaubt es Euch Statuseffekte auf Gegner zu verwenden deren Größenkategorie um eine Stufe höher ist als diese die in Eurem Angriff beschrieben wird;;1;;;;;;;;;;;;;;;;;;;;;;;;;;;;;;;;;;;;;;;;;;;;;;;;;;;;;;;;;;;;;;;;;;;;;;;;;;;;;;;
;;;Umschmieder;Erlaubt es euch die Werte auf einem Gegenstand bei einer Werkstatt entsprechend der Güte eures Gegenstands zu ändern;;1;;;;;;;;;;;;;;;;;;;;;;;;;;;;;;;;;;;;;;;;;;;;;;;;;;;;;;;;;;;;;;;;;;;;;;;;;;;;;;;
;;;Unterbrechung;Ermöglicht es einen Zauber zu unterbrechen, wenn ein Wurf auf Hauptbasis - 2 geschafft wird;;1;;;;;;;;;;;;;;;;;;;;;;;;;;;;;;;;;;;;;;;;;;;;;;;;;;;;;;;;;;;;;;;;;;;;;;;;;;;;;;;
;;;Wächter;Kann seine Bewegung dazu verwenden im Nahkampfbereich des Gegners zu bleiben;;1;;;;;;;;;;;;;;;;;;;;;;;;;;;;;;;;;;;;;;;;;;;;;;;;;;;;;;;;;;;;;;;;;;;;;;;;;;;;;;;
;;;Wahre Gestalt;Ihr verfestigt eure Wahre Gestalt, erleichtert euch die Befreiung aus der Verwilderung um 2.;;1;;;;;;;;;;;;;;;;;;;;;;;;;;;;;;;;;;;;;;;;;;;;;;;;;;;;;;;;;;;;;;;;;;;;;;;;;;;;;;;
;;;Zäh;AUD-Rettungswürfe sind um 2 erleichtert;;1;;;;;;;;;;;;;;;;;;;;;;;;;;;;;;;;;;;;;;;;;;;;;;;;;;;;;;;;;;;;;;;;;;;;;;;;;;;;;;;
;;;;;;;;;;;;;;;;;;;;;;;;;;;;;;;;;;;;;;;;;;;;;;;;;;;;;;;;;;;;;;;;;;;;;;;;;;;;;;;;;;;;;
;;;;;;;;;;;;;;;;;;;;;;;;;;;;;;;;;;;;;;;;;;;;;;;;;;;;;;;;;;;;;;;;;;;;;;;;;;;;;;;;;;;;;
;;;;;;;;;;;;;;;;;;;;;;;;;;;;;;;;;;;;;;;;;;;;;;;;;;;;;;;;;;;;;;;;;;;;;;;;;;;;;;;;;;;;;
;;;;;;;;;;;;;;;;;;;;;;;;;;;;;;;;;;;;;;;;;;;;;;;;;;;;;;;;;;;;;;;;;;;;;;;;;;;;;;;;;;;;;
;;;;;;;;;;;;;;;;;;;;;;;;;;;;;;;;;;;;;;;;;;;;;;;;;;;;;;;;;;;;;;;;;;;;;;;;;;;;;;;;;;;;;
;;;;;;;;;;;;;;;;;;;;;;;;;;;;;;;;;;;;;;;;;;;;;;;;;;;;;;;;;;;;;;;;;;;;;;;;;;;;;;;;;;;;;
;;;;;;;;;;;;;;;;;;;;;;;;;;;;;;;;;;;;;;;;;;;;;;;;;;;;;;;;;;;;;;;;;;;;;;;;;;;;;;;;;;;;;
;;;;;;;;;;;;;;;;;;;;;;;;;;;;;;;;;;;;;;;;;;;;;;;;;;;;;;;;;;;;;;;;;;;;;;;;;;;;;;;;;;;;;
;;;;;;;;;;;;;;;;;;;;;;;;;;;;;;;;;;;;;;;;;;;;;;;;;;;;;;;;;;;;;;;;;;;;;;;;;;;;;;;;;;;;;
;;;;;;;;;;;;;;;;;;;;;;;;;;;;;;;;;;;;;;;;;;;;;;;;;;;;;;;;;;;;;;;;;;;;;;;;;;;;;;;;;;;;;
;;;Affinitäten1;Blitz;Erde;Feuer;Wasser;Wind;;;;;;;;;;;;;;;;;;;;;;;;;;;;;;;;;;;;;;;;;;;;;;;;;;;;;;;;;;;;;;;;;;;;;;;;;;;;;
;;;Blitz;;Explosion;Plasma;Sturm;Nadel;;;;;;;;;;;;;;;;;;;;;;;;;;;;;;;;;;;;;;;;;;;;;;;;;;;;;;;;;;;;;;;;;;;;;;;;;;;;;
;;;Erde;Explosion;;Lava;Holz;Magnet;;;;;;;;;;;;;;;;;;;;;;;;;;;;;;;;;;;;;;;;;;;;;;;;;;;;;;;;;;;;;;;;;;;;;;;;;;;;;
;;;Feuer;Plasma;Lava;;Dampf;Scorch;;;;;;;;;;;;;;;;;;;;;;;;;;;;;;;;;;;;;;;;;;;;;;;;;;;;;;;;;;;;;;;;;;;;;;;;;;;;;
;;;Wasser;Sturm;Matsch;Dampf;;Eis;;;;;;;;;;;;;;;;;;;;;;;;;;;;;;;;;;;;;;;;;;;;;;;;;;;;;;;;;;;;;;;;;;;;;;;;;;;;;
;;;Wind;Nadel;Magnet;Scorch;Eis;;;;;;;;;;;;;;;;;;;;;;;;;;;;;;;;;;;;;;;;;;;;;;;;;;;;;;;;;;;;;;;;;;;;;;;;;;;;;;
;;;;;;;;;;;;;;;;;;;;;;;;;;;;;;;;;;;;;;;;;;;;;;;;;;;;;;;;;;;;;;;;;;;;;;;;;;;;;;;;;;;;;
;;;Affinitäten2;Dampf;Explosion;Lava;Magnet;Matsch;Nadel;Plasma;Scorch;Sturm;;;;;;;;;;;;;;;;;;;;;;;;;;;;;;;;;;;;;;;;;;;;;;;;;;;;;;;;;;;;;;;;;;;;;;;;;
;;;Blitz;;;;;;;;;;;;;;;;;;;;;;;;;;;;;;;;;;;;;;;;;;;;;;;;;;;;;;;;;;;;;;;;;;;;;;;;;;;;;;;;;;
;;;Erde;;;;;;;;Partikel;;;;;;;;;;;;;;;;;;;;;;;;;;;;;;;;;;;;;;;;;;;;;;;;;;;;;;;;;;;;;;;;;;;;;;;;;;
;;;Feuer;;;;;;;;;;;;;;;;;;;;;;;;;;;;;;;;;;;;;;;;;;;;;;;;;;;;;;;;;;;;;;;;;;;;;;;;;;;;;;;;;;
;;;Wasser;;;;;;;;;;;;;;;;;;;;;;;;;;;;;;;;;;;;;;;;;;;;;;;;;;;;;;;;;;;;;;;;;;;;;;;;;;;;;;;;;;
;;;Wind;;;Partikel;;;;;;;;;;;;;;;;;;;;;;;;;;;;;;;;;;;;;;;;;;;;;;;;;;;;;;;;;;;;;;;;;;;;;;;;;;;;;;;
;;;;;;;;;;;;;;;;;;;;;;;;;;;;;;;;;;;;;;;;;;;;;;;;;;;;;;;;;;;;;;;;;;;;;;;;;;;;;;;;;;;;;
;;;;;;;;;;;;;;;;;;;;;;;;;;;;;;;;;;;;;;;;;;;;;;;;;;;;;;;;;;;;;;;;;;;;;;;;;;;;;;;;;;;;;
;;;;;;;;;;;;;;;;;;;;;;;;;;;;;;;;;;;;;;;;;;;;;;;;;;;;;;;;;;;;;;;;;;;;;;;;;;;;;;;;;;;;;
;;;;;;;;;;;;;;;;;;;;;;;;;;;;;;;;;;;;;;;;;;;;;;;;;;;;;;;;;;;;;;;;;;;;;;;;;;;;;;;;;;;;;
;;;;;;;;;;;;;;;;;;;;;;;;;;;;;;;;;;;;;;;;;;;;;;;;;;;;;;;;;;;;;;;;;;;;;;;;;;;;;;;;;;;;;
;;;;;;;;;;;;;;;;;;;;;;;;;;;;;;;;;;;;;;;;;;;;;;;;;;;;;;;;;;;;;;;;;;;;;;;;;;;;;;;;;;;;;
;;;;;;;;;;;;;;;;;;;;;;;;;;;;;;;;;;;;;;;;;;;;;;;;;;;;;;;;;;;;;;;;;;;;;;;;;;;;;;;;;;;;;
;;;;;;;;;;;;;;;;;;;;;;;;;;;;;;;;;;;;;;;;;;;;;;;;;;;;;;;;;;;;;;;;;;;;;;;;;;;;;;;;;;;;;
;;;;;;;;;;;;;;;;;;;;;;;;;;;;;;;;;;;;;;;;;;;;;;;;;;;;;;;;;;;;;;;;;;;;;;;;;;;;;;;;;;;;;
;;;;;;;;;;;;;;;;;;;;;;;;;;;;;;;;;;;;;;;;;;;;;;;;;;;;;;;;;;;;;;;;;;;;;;;;;;;;;;;;;;;;;
;;;;;;;;;;;;;;;;;;;;;;;;;;;;;;;;;;;;;;;;;;;;;;;;;;;;;;;;;;;;;;;;;;;;;;;;;;;;;;;;;;;;;
;;;;;;;;;;;;;;;;;;;;;;;;;;;;;;;;;;;;;;;;;;;;;;;;;;;;;;;;;;;;;;;;;;;;;;;;;;;;;;;;;;;;;
;;;;;;;;;;;;;;;;;;;;;;;;;;;;;;;;;;;;;;;;;;;;;;;;;;;;;;;;;;;;;;;;;;;;;;;;;;;;;;;;;;;;;
;;;;;;;;;;;;;;;;;;;;;;;;;;;;;;;;;;;;;;;;;;;;;;;;;;;;;;;;;;;;;;;;;;;;;;;;;;;;;;;;;;;;;
;;;;;;;;;;;;;;;;;;;;;;;;;;;;;;;;;;;;;;;;;;;;;;;;;;;;;;;;;;;;;;;;;;;;;;;;;;;;;;;;;;;;;
;;;;;;;;;;;;;;;;;;;;;;;;;;;;;;;;;;;;;;;;;;;;;;;;;;;;;;;;;;;;;;;;;;;;;;;;;;;;;;;;;;;;;
;;;;;;;;;;;;;;;;;;;;;;;;;;;;;;;;;;;;;;;;;;;;;;;;;;;;;;;;;;;;;;;;;;;;;;;;;;;;;;;;;;;;;
;;;;;;;;;;;;;;;;;;;;;;;;;;;;;;;;;;;;;;;;;;;;;;;;;;;;;;;;;;;;;;;;;;;;;;;;;;;;;;;;;;;;;
;;;;;;;;;;;;;;;;;;;;;;;;;;;;;;;;;;;;;;;;;;;;;;;;;;;;;;;;;;;;;;;;;;;;;;;;;;;;;;;;;;;;;
;;;1;;;;;;;;;;;;2;;;;;;;;;;;;3;;;;;;;;;;;;4;;;;;;;;;;;;5;;;;;;;;;;;;6;;;;;;;;;;;;7;;;;;;;;;;
;;;;Storyitems:;Freunde;;;Sidequest;;;Abg. Kapitel;;Akt. Kapitel;;;Storyitems:;Freunde;;;Sidequest;;;Abg. Kapitel;;Akt. Kapitel;;;Storyitems:;Freunde;;;Sidequest;;;Abg. Kapitel;;Akt. Kapitel;;;Storyitems:;Freunde;;;Sidequest;;;Abg. Kapitel;;Akt. Kapitel;;;Storyitems:;Freunde;;;Sidequest;;;Abg. Kapitel;;Akt. Kapitel;;;Storyitems:;Freunde;;;Sidequest;;;Abg. Kapitel;;Akt. Kapitel;;;Storyitems:;Freunde;;;Sidequest;;;Abg. Kapitel;;Akt. Kapitel
;;;1;;;;1;;;1;;1;Die Reise beginnt!;;1;;;;1;;;1;;1;Die Reise beginnt!;;1;;;;1;;;1;;1;Die Reise beginnt!;;1;Lelians Laute;;;1;;;1;;1;Die Reise beginnt!;;1;Grimoire des Schicksals;;;1;;;1;;1;Die Reise beginnt!;;1;Maske der Schattenjäger;;;1;;;1;;1;Die Reise beginnt!;;1;;;;1;;;1;;1;Die Reise beginnt!
;;;2;;;;2;;;2;;;;;2;;;;2;;;2;;;;;2;;;;2;;;2;;;;;2;Linkperle;;;2;;;2;;;;;2;;;;2;;;2;;;;;2;;;;2;;;2;;;;;2;;;;2;;;2;;;
;;;3;;;;3;;;3;;;;;3;;;;3;;;3;;;;;3;;;;3;;;3;;;;;3;Bunte Murmel;;;3;;;3;;;;;3;;;;3;;;3;;;;;3;;;;3;;;3;;;;;3;;;;3;;;3;;;
;;;4;;;;4;;;4;;;;;4;;;;4;;;4;;;;;4;;;;4;;;4;;;;;4;;;;4;;;4;;;;;4;;;;4;;;4;;;;;4;;;;4;;;4;;;;;4;;;;4;;;4;;;
;;;5;;;;5;;;5;;;;;5;;;;5;;;5;;;;;5;;;;5;;;5;;;;;5;;;;5;;;5;;;;;5;;;;5;;;5;;;;;5;;;;5;;;5;;;;;5;;;;5;;;5;;;
;;;6;;;;6;;;6;;;;;6;;;;6;;;6;;;;;6;;;;6;;;6;;;;;6;;;;6;;;6;;;;;6;;;;6;;;6;;;;;6;;;;6;;;6;;;;;6;;;;6;;;6;;;
;;;7;;;;7;;;7;;;;;7;;;;7;;;7;;;;;7;;;;7;;;7;;;;;7;;;;7;;;7;;;;;7;;;;7;;;7;;;;;7;;;;7;;;7;;;;;7;;;;7;;;7;;;
;;;8;;;;8;;;8;;;;;8;;;;8;;;8;;;;;8;;;;8;;;8;;;;;8;;;;8;;;8;;;;;8;;;;8;;;8;;;;;8;;;;8;;;8;;;;;8;;;;8;;;8;;;
;;;9;;;;9;;;9;;;;;9;;;;9;;;9;;;;;9;;;;9;;;9;;;;;9;;;;9;;;9;;;;;9;;;;9;;;9;;;;;9;;;;9;;;9;;;;;9;;;;9;;;9;;;
;;;10;;;;10;;;10;;;;;10;;;;10;;;10;;;;;10;;;;10;;;10;;;;;10;;;;10;;;10;;;;;10;;;;10;;;10;;;;;10;;;;10;;;10;;;;;10;;;;10;;;10;;;
;;;11;;;;11;;;11;;;;;11;;;;11;;;11;;;;;11;;;;11;;;11;;;;;11;;;;11;;;11;;;;;11;;;;11;;;11;;;;;11;;;;11;;;11;;;;;11;;;;11;;;11;;;
;;;;;;;12;;;12;;;;;;;;;12;;;12;;;;;;;;;12;;;12;;;;;;;;;12;;;12;;;;;;;;;12;;;12;;;;;;;;;12;;;12;;;;;;;;;12;;;12;;;
;;;;;;;13;;;13;;;;;;;;;13;;;13;;;;;;;;;13;;;13;;;;;;;;;13;;;13;;;;;;;;;13;;;13;;;;;;;;;13;;;13;;;;;;;;;13;;;13;;;
;;;;;;;14;;;14;;;;;;;;;14;;;14;;;;;;;;;14;;;14;;;;;;;;;14;;;14;;;;;;;;;14;;;14;;;;;;;;;14;;;14;;;;;;;;;14;;;14;;;
;;;;;;;15;;;15;;;;;;;;;15;;;15;;;;;;;;;15;;;15;;;;;;;;;15;;;15;;;;;;;;;15;;;15;;;;;;;;;15;;;15;;;;;;;;;15;;;15;;;
;;;;;;;16;;;16;;;;;;;;;16;;;16;;;;;;;;;16;;;16;;;;;;;;;16;;;16;;;;;;;;;16;;;16;;;;;;;;;16;;;16;;;;;;;;;16;;;16;;;
;;;;;;;17;;;17;;;;;;;;;17;;;17;;;;;;;;;17;;;17;;;;;;;;;17;;;17;;;;;;;;;17;;;17;;;;;;;;;17;;;17;;;;;;;;;17;;;17;;;
;;;;;;;18;;;18;;;;;;;;;18;;;18;;;;;;;;;18;;;18;;;;;;;;;18;;;18;;;;;;;;;18;;;18;;;;;;;;;18;;;18;;;;;;;;;18;;;18;;;
;;;;;;;19;;;19;;;;;;;;;19;;;19;;;;;;;;;19;;;19;;;;;;;;;19;;;19;;;;;;;;;19;;;19;;;;;;;;;19;;;19;;;;;;;;;19;;;19;;;
;;;;;;;20;;;20;;;;;;;;;20;;;20;;;;;;;;;20;;;20;;;;;;;;;20;;;20;;;;;;;;;20;;;20;;;;;;;;;20;;;20;;;;;;;;;20;;;20;;;
;;;;;;;21;;;21;;;;;;;;;21;;;21;;;;;;;;;21;;;21;;;;;;;;;21;;;21;;;;;;;;;21;;;21;;;;;;;;;21;;;21;;;;;;;;;21;;;21;;;
;;;;;;;22;;;22;;;;;;;;;22;;;22;;;;;;;;;22;;;22;;;;;;;;;22;;;22;;;;;;;;;22;;;22;;;;;;;;;22;;;22;;;;;;;;;22;;;22;;;
;;;;;;;23;;;23;;;;;;;;;23;;;23;;;;;;;;;23;;;23;;;;;;;;;23;;;23;;;;;;;;;23;;;23;;;;;;;;;23;;;23;;;;;;;;;23;;;23;;;
;;;;;;;24;;;24;;;;;;;;;24;;;24;;;;;;;;;24;;;24;;;;;;;;;24;;;24;;;;;;;;;24;;;24;;;;;;;;;24;;;24;;;;;;;;;24;;;24;;;
;;;;;;;25;;;25;;;;;;;;;25;;;25;;;;;;;;;25;;;25;;;;;;;;;25;;;25;;;;;;;;;25;;;25;;;;;;;;;25;;;25;;;;;;;;;25;;;25;;;
;;;;;;;26;;;26;;;;;;;;;26;;;26;;;;;;;;;26;;;26;;;;;;;;;26;;;26;;;;;;;;;26;;;26;;;;;;;;;26;;;26;;;;;;;;;26;;;26;;;
;;;;;;;27;;;27;;;;;;;;;27;;;27;;;;;;;;;27;;;27;;;;;;;;;27;;;27;;;;;;;;;27;;;27;;;;;;;;;27;;;27;;;;;;;;;27;;;27;;;
;;;;;;;28;;;28;;;;;;;;;28;;;28;;;;;;;;;28;;;28;;;;;;;;;28;;;28;;;;;;;;;28;;;28;;;;;;;;;28;;;28;;;;;;;;;28;;;28;;;
;;;;;;;29;;;29;;;;;;;;;29;;;29;;;;;;;;;29;;;29;;;;;;;;;29;;;29;;;;;;;;;29;;;29;;;;;;;;;29;;;29;;;;;;;;;29;;;29;;;
;;;;;;;30;;;30;;;;;;;;;30;;;30;;;;;;;;;30;;;30;;;;;;;;;30;;;30;;;;;;;;;30;;;30;;;;;;;;;30;;;30;;;;;;;;;30;;;30;;;
;;;;;;;31;;;31;;;;;;;;;31;;;31;;;;;;;;;31;;;31;;;;;;;;;31;;;31;;;;;;;;;31;;;31;;;;;;;;;31;;;31;;;;;;;;;31;;;31;;;
;;;;;;;32;;;32;;;;;;;;;32;;;32;;;;;;;;;32;;;32;;;;;;;;;32;;;32;;;;;;;;;32;;;32;;;;;;;;;32;;;32;;;;;;;;;32;;;32;;;
;;;;;;;33;;;33;;;;;;;;;33;;;33;;;;;;;;;33;;;33;;;;;;;;;33;;;33;;;;;;;;;33;;;33;;;;;;;;;33;;;33;;;;;;;;;33;;;33;;;
;;;;;;;34;;;34;;;;;;;;;34;;;34;;;;;;;;;34;;;34;;;;;;;;;34;;;34;;;;;;;;;34;;;34;;;;;;;;;34;;;34;;;;;;;;;34;;;34;;;
;;;;;;;35;;;35;;;;;;;;;35;;;35;;;;;;;;;35;;;35;;;;;;;;;35;;;35;;;;;;;;;35;;;35;;;;;;;;;35;;;35;;;;;;;;;35;;;35;;;
;;;;;;;36;;;;;;;;;;;;36;;;;;;;;;;;;36;;;;;;;;;;;;36;;;;;;;;;;;;36;;;;;;;;;;;;36;;;;;;;;;;;;36;;;;;;
;;;;;;;37;;;;;;;;;;;;37;;;;;;;;;;;;37;;;;;;;;;;;;37;;;;;;;;;;;;37;;;;;;;;;;;;37;;;;;;;;;;;;37;;;;;;
;;;;;;;38;;;;;;;;;;;;38;;;;;;;;;;;;38;;;;;;;;;;;;38;;;;;;;;;;;;38;;;;;;;;;;;;38;;;;;;;;;;;;38;;;;;;
;;;;;;;39;;;;;;;;;;;;39;;;;;;;;;;;;39;;;;;;;;;;;;39;;;;;;;;;;;;39;;;;;;;;;;;;39;;;;;;;;;;;;39;;;;;;
;;;;;;;40;;;;;;;;;;;;40;;;;;;;;;;;;40;;;;;;;;;;;;40;;;;;;;;;;;;40;;;;;;;;;;;;40;;;;;;;;;;;;40;;;;;;
;;;;;;;41;;;;;;;;;;;;41;;;;;;;;;;;;41;;;;;;;;;;;;41;;;;;;;;;;;;41;;;;;;;;;;;;41;;;;;;;;;;;;41;;;;;;
;;;;;;;42;;;;;;;;;;;;42;;;;;;;;;;;;42;;;;;;;;;;;;42;;;;;;;;;;;;42;;;;;;;;;;;;42;;;;;;;;;;;;42;;;;;;
;;;;;;;43;;;;;;;;;;;;43;;;;;;;;;;;;43;;;;;;;;;;;;43;;;;;;;;;;;;43;;;;;;;;;;;;43;;;;;;;;;;;;43;;;;;;
;;;;;;;44;;;;;;;;;;;;44;;;;;;;;;;;;44;;;;;;;;;;;;44;;;;;;;;;;;;44;;;;;;;;;;;;44;;;;;;;;;;;;44;;;;;;
;;;;;;;45;;;;;;;;;;;;45;;;;;;;;;;;;45;;;;;;;;;;;;45;;;;;;;;;;;;45;;;;;;;;;;;;45;;;;;;;;;;;;45;;;;;;
;;;;;;;46;;;;;;;;;;;;46;;;;;;;;;;;;46;;;;;;;;;;;;46;;;;;;;;;;;;46;;;;;;;;;;;;46;;;;;;;;;;;;46;;;;;;
;;;;;;;47;;;;;;;;;;;;47;;;;;;;;;;;;47;;;;;;;;;;;;47;;;;;;;;;;;;47;;;;;;;;;;;;47;;;;;;;;;;;;47;;;;;;
;;;;;;;48;;;;;;;;;;;;48;;;;;;;;;;;;48;;;;;;;;;;;;48;;;;;;;;;;;;48;;;;;;;;;;;;48;;;;;;;;;;;;48;;;;;;
;;;;;;;49;;;;;;;;;;;;49;;;;;;;;;;;;49;;;;;;;;;;;;49;;;;;;;;;;;;49;;;;;;;;;;;;49;;;;;;;;;;;;49;;;;;;
;;;;;;;50;;;;;;;;;;;;50;;;;;;;;;;;;50;;;;;;;;;;;;50;;;;;;;;;;;;50;;;;;;;;;;;;50;;;;;;;;;;;;50;;;;;;
;;;;;;;51;;;;;;;;;;;;51;;;;;;;;;;;;51;;;;;;;;;;;;51;;;;;;;;;;;;51;;;;;;;;;;;;51;;;;;;;;;;;;51;;;;;;
;;;;;;;52;;;;;;;;;;;;52;;;;;;;;;;;;52;;;;;;;;;;;;52;;;;;;;;;;;;52;;;;;;;;;;;;52;;;;;;;;;;;;52;;;;;;
;;;;;;;53;;;;;;;;;;;;53;;;;;;;;;;;;53;;;;;;;;;;;;53;;;;;;;;;;;;53;;;;;;;;;;;;53;;;;;;;;;;;;53;;;;;;
;;;;;;;54;;;;;;;;;;;;54;;;;;;;;;;;;54;;;;;;;;;;;;54;;;;;;;;;;;;54;;;;;;;;;;;;54;;;;;;;;;;;;54;;;;;;
;;;;;;;55;;;;;;;;;;;;55;;;;;;;;;;;;55;;;;;;;;;;;;55;;;;;;;;;;;;55;;;;;;;;;;;;55;;;;;;;;;;;;55;;;;;;
;;;;;;;56;;;;;;;;;;;;56;;;;;;;;;;;;56;;;;;;;;;;;;56;;;;;;;;;;;;56;;;;;;;;;;;;56;;;;;;;;;;;;56;;;;;;
;;;;;;;57;;;;;;;;;;;;57;;;;;;;;;;;;57;;;;;;;;;;;;57;;;;;;;;;;;;57;;;;;;;;;;;;57;;;;;;;;;;;;57;;;;;;
